CATEGORIA,SUBCATEGORIA,Ano,Producao,Comercio
VINHO DE MESA,VINHO DE MESA,2009,205418206,234525979
VINHO DE MESA,Tinto,2009,164143454,193004182
VINHO DE MESA,Branco,2009,39211278,39214217
VINHO DE MESA,Rosado,2009,2063474,2307580
VINHO  FINO DE MESA,VINHO FINO DE MESA (VINIFERA),2009,39900568,0
VINHO FINO DE MESA,Tinto,2009,18209043,0
VINHO FINO DE MESA,Branco,2009,21366975,0
VINHO FINO DE MESA,Rosado,2009,324550,0
SUCO,SUCO,2009,39715098,0
SUCO,Suco de uva integral,2009,16034003,0
SUCO,Suco de uva concentrado,2009,23006457,0
SUCO,Suco de uva adoçado,2009,674638,0
SUCO,Suco de uva orgânico,2009,0,0
SUCO,Suco de uva reconstituído,2009,0,0
DERIVADOS,DERIVADOS,2009,56787892,0
DERIVADOS,Espumante,2009,0,0
DERIVADOS,Espumante moscatel,2009,1190500,0
DERIVADOS,Base espumante,2009,335850,0
DERIVADOS,Base espumante moscatel,2009,442150,0
DERIVADOS,Base Champenoise champanha,2009,0,0
DERIVADOS,Base Charmat champanha,2009,0,0
DERIVADOS,Bebida de uva,2009,420,0
DERIVADOS,Polpa de uva,2009,1352417,0
DERIVADOS,Mosto simples,2009,53418555,0
DERIVADOS,Mosto concentrado,2009,0,0
DERIVADOS,Mosto de uva com bagaço,2009,0,0
DERIVADOS,Mosto dessulfitado,2009,0,0
DERIVADOS,Mistelas,2009,3500,0
DERIVADOS,Néctar de uva,2009,0,0
DERIVADOS,Licorosos,2009,38000,0
DERIVADOS,Compostos,2009,0,0
DERIVADOS,Jeropiga,2009,0,0
DERIVADOS,Filtrado,2009,0,0
DERIVADOS,Frisante,2009,0,0
DERIVADOS,Vinho leve,2009,0,0
DERIVADOS,Vinho licoroso,2009,0,0
DERIVADOS,Brandy,2009,0,0
DERIVADOS,Destilado,2009,0,0
DERIVADOS,Bagaceira,2009,6500,0
DERIVADOS,Licor de bagaceira,2009,0,0
DERIVADOS,Vinagre,2009,0,0
DERIVADOS,Borra líquida,2009,0,0
DERIVADOS,Borra seca,2009,0,0
DERIVADOS,Vinho Composto,2009,0,0
DERIVADOS,Pisco,2009,0,0
DERIVADOS,Vinho orgânico,2009,0,0
DERIVADOS,Espumante orgânico,2009,0,0
DERIVADOS,Destilado alcoólico simples de bagaceira,2009,0,0
DERIVADOS,Vinho acidificado,2009,0,0
DERIVADOS,Mosto parcialmente fermentado,2009,0,0
DERIVADOS,Outros derivados,2009,0,0
VINHO DE MESA,VINHO DE MESA,2010,195267980,221242945
VINHO DE MESA,Tinto,2010,157290088,188649074
VINHO DE MESA,Branco,2010,35408083,30556943
VINHO DE MESA,Rosado,2010,2569809,2036928
VINHO  FINO DE MESA,VINHO FINO DE MESA (VINIFERA),2010,24805713,0
VINHO FINO DE MESA,Tinto,2010,11401406,0
VINHO FINO DE MESA,Branco,2010,13013027,0
VINHO FINO DE MESA,Rosado,2010,391280,0
SUCO,SUCO,2010,50125944,0
SUCO,Suco de uva integral,2010,26887259,0
SUCO,Suco de uva concentrado,2010,23238685,0
SUCO,Suco de uva adoçado,2010,0,0
SUCO,Suco de uva orgânico,2010,0,0
SUCO,Suco de uva reconstituído,2010,0,0
DERIVADOS,DERIVADOS,2010,51210756,0
DERIVADOS,Espumante,2010,10125,0
DERIVADOS,Espumante moscatel,2010,703393,0
DERIVADOS,Base espumante,2010,0,0
DERIVADOS,Base espumante moscatel,2010,1144508,0
DERIVADOS,Base Champenoise champanha,2010,92082,0
DERIVADOS,Base Charmat champanha,2010,254000,0
DERIVADOS,Bebida de uva,2010,7900,0
DERIVADOS,Polpa de uva,2010,1951606,0
DERIVADOS,Mosto simples,2010,45912040,0
DERIVADOS,Mosto concentrado,2010,0,0
DERIVADOS,Mosto de uva com bagaço,2010,0,0
DERIVADOS,Mosto dessulfitado,2010,0,0
DERIVADOS,Mistelas,2010,0,0
DERIVADOS,Néctar de uva,2010,0,0
DERIVADOS,Licorosos,2010,0,0
DERIVADOS,Compostos,2010,0,0
DERIVADOS,Jeropiga,2010,69000,0
DERIVADOS,Filtrado,2010,0,0
DERIVADOS,Frisante,2010,831000,0
DERIVADOS,Vinho leve,2010,0,0
DERIVADOS,Vinho licoroso,2010,15000,0
DERIVADOS,Brandy,2010,0,0
DERIVADOS,Destilado,2010,0,0
DERIVADOS,Bagaceira,2010,0,0
DERIVADOS,Licor de bagaceira,2010,0,0
DERIVADOS,Vinagre,2010,5817,0
DERIVADOS,Borra líquida,2010,64304,0
DERIVADOS,Borra seca,2010,149981,0
DERIVADOS,Vinho Composto,2010,0,0
DERIVADOS,Pisco,2010,0,0
DERIVADOS,Vinho orgânico,2010,0,0
DERIVADOS,Espumante orgânico,2010,0,0
DERIVADOS,Destilado alcoólico simples de bagaceira,2010,0,0
DERIVADOS,Vinho acidificado,2010,0,0
DERIVADOS,Mosto parcialmente fermentado,2010,0,0
DERIVADOS,Outros derivados,2010,0,0
VINHO DE MESA,VINHO DE MESA,2011,257840749,230310468
VINHO DE MESA,Tinto,2011,210113358,196562722
VINHO DE MESA,Branco,2011,46007504,32078923
VINHO DE MESA,Rosado,2011,1719887,1668823
VINHO  FINO DE MESA,VINHO FINO DE MESA (VINIFERA),2011,47598471,0
VINHO FINO DE MESA,Tinto,2011,24104740,0
VINHO FINO DE MESA,Branco,2011,22739426,0
VINHO FINO DE MESA,Rosado,2011,754305,0
SUCO,SUCO,2011,69364324,0
SUCO,Suco de uva integral,2011,39487800,0
SUCO,Suco de uva concentrado,2011,29564324,0
SUCO,Suco de uva adoçado,2011,312200,0
SUCO,Suco de uva orgânico,2011,0,0
SUCO,Suco de uva reconstituído,2011,0,0
DERIVADOS,DERIVADOS,2011,85748723,0
DERIVADOS,Espumante,2011,26361,0
DERIVADOS,Espumante moscatel,2011,219100,0
DERIVADOS,Base espumante,2011,0,0
DERIVADOS,Base espumante moscatel,2011,2749540,0
DERIVADOS,Base Champenoise champanha,2011,74746,0
DERIVADOS,Base Charmat champanha,2011,865858,0
DERIVADOS,Bebida de uva,2011,0,0
DERIVADOS,Polpa de uva,2011,2480120,0
DERIVADOS,Mosto simples,2011,77285998,0
DERIVADOS,Mosto concentrado,2011,0,0
DERIVADOS,Mosto de uva com bagaço,2011,1037600,0
DERIVADOS,Mosto dessulfitado,2011,0,0
DERIVADOS,Mistelas,2011,0,0
DERIVADOS,Néctar de uva,2011,0,0
DERIVADOS,Licorosos,2011,0,0
DERIVADOS,Compostos,2011,0,0
DERIVADOS,Jeropiga,2011,0,0
DERIVADOS,Filtrado,2011,0,0
DERIVADOS,Frisante,2011,1003800,0
DERIVADOS,Vinho leve,2011,0,0
DERIVADOS,Vinho licoroso,2011,0,0
DERIVADOS,Brandy,2011,0,0
DERIVADOS,Destilado,2011,0,0
DERIVADOS,Bagaceira,2011,0,0
DERIVADOS,Licor de bagaceira,2011,0,0
DERIVADOS,Vinagre,2011,0,0
DERIVADOS,Borra líquida,2011,0,0
DERIVADOS,Borra seca,2011,0,0
DERIVADOS,Vinho Composto,2011,0,0
DERIVADOS,Pisco,2011,0,0
DERIVADOS,Vinho orgânico,2011,5600,0
DERIVADOS,Espumante orgânico,2011,0,0
DERIVADOS,Destilado alcoólico simples de bagaceira,2011,0,0
DERIVADOS,Vinho acidificado,2011,0,0
DERIVADOS,Mosto parcialmente fermentado,2011,0,0
DERIVADOS,Outros derivados,2011,0,0
VINHO DE MESA,VINHO DE MESA,2012,212777037,206969571
VINHO DE MESA,Tinto,2012,175875432,173964776
VINHO DE MESA,Branco,2012,34938249,31266661
VINHO DE MESA,Rosado,2012,1963356,1738134
VINHO  FINO DE MESA,VINHO FINO DE MESA (VINIFERA),2012,45200730,0
VINHO FINO DE MESA,Tinto,2012,24027589,0
VINHO FINO DE MESA,Branco,2012,20647238,0
VINHO FINO DE MESA,Rosado,2012,525903,0
SUCO,SUCO,2012,70066732,0
SUCO,Suco de uva integral,2012,31908829,0
SUCO,Suco de uva concentrado,2012,37624855,0
SUCO,Suco de uva adoçado,2012,533048,0
SUCO,Suco de uva orgânico,2012,0,0
SUCO,Suco de uva reconstituído,2012,0,0
DERIVADOS,DERIVADOS,2012,100757101,0
DERIVADOS,Espumante,2012,17200,0
DERIVADOS,Espumante moscatel,2012,139775,0
DERIVADOS,Base espumante,2012,0,0
DERIVADOS,Base espumante moscatel,2012,2798908,0
DERIVADOS,Base Champenoise champanha,2012,369278,0
DERIVADOS,Base Charmat champanha,2012,479625,0
DERIVADOS,Bebida de uva,2012,0,0
DERIVADOS,Polpa de uva,2012,2797665,0
DERIVADOS,Mosto simples,2012,93341575,0
DERIVADOS,Mosto concentrado,2012,0,0
DERIVADOS,Mosto de uva com bagaço,2012,0,0
DERIVADOS,Mosto dessulfitado,2012,0,0
DERIVADOS,Mistelas,2012,200,0
DERIVADOS,Néctar de uva,2012,0,0
DERIVADOS,Licorosos,2012,26775,0
DERIVADOS,Compostos,2012,7600,0
DERIVADOS,Jeropiga,2012,0,0
DERIVADOS,Filtrado,2012,0,0
DERIVADOS,Frisante,2012,778500,0
DERIVADOS,Vinho leve,2012,0,0
DERIVADOS,Vinho licoroso,2012,0,0
DERIVADOS,Brandy,2012,0,0
DERIVADOS,Destilado,2012,0,0
DERIVADOS,Bagaceira,2012,0,0
DERIVADOS,Licor de bagaceira,2012,0,0
DERIVADOS,Vinagre,2012,0,0
DERIVADOS,Borra líquida,2012,0,0
DERIVADOS,Borra seca,2012,0,0
DERIVADOS,Vinho Composto,2012,0,0
DERIVADOS,Pisco,2012,0,0
DERIVADOS,Vinho orgânico,2012,0,0
DERIVADOS,Espumante orgânico,2012,0,0
DERIVADOS,Destilado alcoólico simples de bagaceira,2012,0,0
DERIVADOS,Vinho acidificado,2012,0,0
DERIVADOS,Mosto parcialmente fermentado,2012,0,0
DERIVADOS,Outros derivados,2012,0,0
VINHO DE MESA,VINHO DE MESA,2013,196904222,221590810
VINHO DE MESA,Tinto,2013,163111797,188033494
VINHO DE MESA,Branco,2013,32066403,31779668
VINHO DE MESA,Rosado,2013,1726022,1777648
VINHO  FINO DE MESA,VINHO FINO DE MESA (VINIFERA),2013,45782530,0
VINHO FINO DE MESA,Tinto,2013,23156458,0
VINHO FINO DE MESA,Branco,2013,21906349,0
VINHO FINO DE MESA,Rosado,2013,719723,0
SUCO,SUCO,2013,64879790,0
SUCO,Suco de uva integral,2013,33673396,0
SUCO,Suco de uva concentrado,2013,31206394,0
SUCO,Suco de uva adoçado,2013,0,0
SUCO,Suco de uva orgânico,2013,0,0
SUCO,Suco de uva reconstituído,2013,0,0
DERIVADOS,DERIVADOS,2013,64072127,0
DERIVADOS,Espumante,2013,30275,0
DERIVADOS,Espumante moscatel,2013,159781,0
DERIVADOS,Base espumante,2013,0,0
DERIVADOS,Base espumante moscatel,2013,1470700,0
DERIVADOS,Base Champenoise champanha,2013,359617,0
DERIVADOS,Base Charmat champanha,2013,624728,0
DERIVADOS,Bebida de uva,2013,4260,0
DERIVADOS,Polpa de uva,2013,1742152,0
DERIVADOS,Mosto simples,2013,58517506,0
DERIVADOS,Mosto concentrado,2013,0,0
DERIVADOS,Mosto de uva com bagaço,2013,0,0
DERIVADOS,Mosto dessulfitado,2013,0,0
DERIVADOS,Mistelas,2013,2500,0
DERIVADOS,Néctar de uva,2013,10000,0
DERIVADOS,Licorosos,2013,0,0
DERIVADOS,Compostos,2013,0,0
DERIVADOS,Jeropiga,2013,0,0
DERIVADOS,Filtrado,2013,0,0
DERIVADOS,Frisante,2013,1009000,0
DERIVADOS,Vinho leve,2013,0,0
DERIVADOS,Vinho licoroso,2013,100,0
DERIVADOS,Brandy,2013,0,0
DERIVADOS,Destilado,2013,0,0
DERIVADOS,Bagaceira,2013,0,0
DERIVADOS,Licor de bagaceira,2013,0,0
DERIVADOS,Vinagre,2013,0,0
DERIVADOS,Borra líquida,2013,63111,0
DERIVADOS,Borra seca,2013,78397,0
DERIVADOS,Vinho Composto,2013,0,0
DERIVADOS,Pisco,2013,0,0
DERIVADOS,Vinho orgânico,2013,0,0
DERIVADOS,Espumante orgânico,2013,0,0
DERIVADOS,Destilado alcoólico simples de bagaceira,2013,0,0
DERIVADOS,Vinho acidificado,2013,0,0
DERIVADOS,Mosto parcialmente fermentado,2013,0,0
DERIVADOS,Outros derivados,2013,0,0
VINHO DE MESA,VINHO DE MESA,2014,196173123,206404427
VINHO DE MESA,Tinto,2014,157776363,178250072
VINHO DE MESA,Branco,2014,37438069,26734500
VINHO DE MESA,Rosado,2014,958691,1419855
VINHO  FINO DE MESA,VINHO FINO DE MESA (VINIFERA),2014,38464314,0
VINHO FINO DE MESA,Tinto,2014,17208996,0
VINHO FINO DE MESA,Branco,2014,20054804,0
VINHO FINO DE MESA,Rosado,2014,1200514,0
SUCO,SUCO,2014,76723537,0
SUCO,Suco de uva integral,2014,43331223,0
SUCO,Suco de uva concentrado,2014,33392314,0
SUCO,Suco de uva adoçado,2014,0,0
SUCO,Suco de uva orgânico,2014,0,0
SUCO,Suco de uva reconstituído,2014,0,0
DERIVADOS,DERIVADOS,2014,62907281,0
DERIVADOS,Espumante,2014,2700,0
DERIVADOS,Espumante moscatel,2014,100000,0
DERIVADOS,Base espumante,2014,0,0
DERIVADOS,Base espumante moscatel,2014,1808044,0
DERIVADOS,Base Champenoise champanha,2014,234725,0
DERIVADOS,Base Charmat champanha,2014,376968,0
DERIVADOS,Bebida de uva,2014,3860,0
DERIVADOS,Polpa de uva,2014,2484000,0
DERIVADOS,Mosto simples,2014,57582195,0
DERIVADOS,Mosto concentrado,2014,0,0
DERIVADOS,Mosto de uva com bagaço,2014,0,0
DERIVADOS,Mosto dessulfitado,2014,0,0
DERIVADOS,Mistelas,2014,1000,0
DERIVADOS,Néctar de uva,2014,1140,0
DERIVADOS,Licorosos,2014,0,0
DERIVADOS,Compostos,2014,0,0
DERIVADOS,Jeropiga,2014,0,0
DERIVADOS,Filtrado,2014,0,0
DERIVADOS,Frisante,2014,26069,0
DERIVADOS,Vinho leve,2014,0,0
DERIVADOS,Vinho licoroso,2014,36000,0
DERIVADOS,Brandy,2014,0,0
DERIVADOS,Destilado,2014,0,0
DERIVADOS,Bagaceira,2014,0,0
DERIVADOS,Licor de bagaceira,2014,0,0
DERIVADOS,Vinagre,2014,53776,0
DERIVADOS,Borra líquida,2014,50954,0
DERIVADOS,Borra seca,2014,142850,0
DERIVADOS,Vinho Composto,2014,3000,0
DERIVADOS,Pisco,2014,0,0
DERIVADOS,Vinho orgânico,2014,0,0
DERIVADOS,Espumante orgânico,2014,0,0
DERIVADOS,Destilado alcoólico simples de bagaceira,2014,0,0
DERIVADOS,Vinho acidificado,2014,0,0
DERIVADOS,Mosto parcialmente fermentado,2014,0,0
DERIVADOS,Outros derivados,2014,0,0
VINHO DE MESA,VINHO DE MESA,2015,210308560,209198468
VINHO DE MESA,Tinto,2015,169811472,182028785
VINHO DE MESA,Branco,2015,39557250,25760681
VINHO DE MESA,Rosado,2015,939838,1409002
VINHO  FINO DE MESA,VINHO FINO DE MESA (VINIFERA),2015,37148982,0
VINHO FINO DE MESA,Tinto,2015,16745896,0
VINHO FINO DE MESA,Branco,2015,19561966,0
VINHO FINO DE MESA,Rosado,2015,841120,0
SUCO,SUCO,2015,87894468,0
SUCO,Suco de uva integral,2015,52233155,0
SUCO,Suco de uva concentrado,2015,35661313,0
SUCO,Suco de uva adoçado,2015,0,0
SUCO,Suco de uva orgânico,2015,0,0
SUCO,Suco de uva reconstituído,2015,0,0
DERIVADOS,DERIVADOS,2015,107349704,0
DERIVADOS,Espumante,2015,23750,0
DERIVADOS,Espumante moscatel,2015,110100,0
DERIVADOS,Base espumante,2015,0,0
DERIVADOS,Base espumante moscatel,2015,1607727,0
DERIVADOS,Base Champenoise champanha,2015,605001,0
DERIVADOS,Base Charmat champanha,2015,1466259,0
DERIVADOS,Bebida de uva,2015,922,0
DERIVADOS,Polpa de uva,2015,2371140,0
DERIVADOS,Mosto simples,2015,100911592,0
DERIVADOS,Mosto concentrado,2015,0,0
DERIVADOS,Mosto de uva com bagaço,2015,0,0
DERIVADOS,Mosto dessulfitado,2015,0,0
DERIVADOS,Mistelas,2015,0,0
DERIVADOS,Néctar de uva,2015,1000,0
DERIVADOS,Licorosos,2015,0,0
DERIVADOS,Compostos,2015,0,0
DERIVADOS,Jeropiga,2015,0,0
DERIVADOS,Filtrado,2015,0,0
DERIVADOS,Frisante,2015,0,0
DERIVADOS,Vinho leve,2015,0,0
DERIVADOS,Vinho licoroso,2015,56000,0
DERIVADOS,Brandy,2015,0,0
DERIVADOS,Destilado,2015,0,0
DERIVADOS,Bagaceira,2015,1350,0
DERIVADOS,Licor de bagaceira,2015,0,0
DERIVADOS,Vinagre,2015,25800,0
DERIVADOS,Borra líquida,2015,48833,0
DERIVADOS,Borra seca,2015,120230,0
DERIVADOS,Vinho Composto,2015,0,0
DERIVADOS,Pisco,2015,0,0
DERIVADOS,Vinho orgânico,2015,0,0
DERIVADOS,Espumante orgânico,2015,0,0
DERIVADOS,Destilado alcoólico simples de bagaceira,2015,0,0
DERIVADOS,Vinho acidificado,2015,0,0
DERIVADOS,Mosto parcialmente fermentado,2015,0,0
DERIVADOS,Outros derivados,2015,0,0
VINHO DE MESA,VINHO DE MESA,2016,86319015,166769622
VINHO DE MESA,Tinto,2016,75279191,146646365
VINHO DE MESA,Branco,2016,10727099,18731315
VINHO DE MESA,Rosado,2016,312725,1391942
VINHO  FINO DE MESA,VINHO FINO DE MESA (VINIFERA),2016,18070626,0
VINHO FINO DE MESA,Tinto,2016,8774847,0
VINHO FINO DE MESA,Branco,2016,8705066,0
VINHO FINO DE MESA,Rosado,2016,590713,0
SUCO,SUCO,2016,42210389,0
SUCO,Suco de uva integral,2016,31117869,0
SUCO,Suco de uva concentrado,2016,11092520,0
SUCO,Suco de uva adoçado,2016,0,0
SUCO,Suco de uva orgânico,2016,0,0
SUCO,Suco de uva reconstituído,2016,0,0
DERIVADOS,DERIVADOS,2016,53950314,0
DERIVADOS,Espumante,2016,1500,0
DERIVADOS,Espumante moscatel,2016,100000,0
DERIVADOS,Base espumante,2016,0,0
DERIVADOS,Base espumante moscatel,2016,1325700,0
DERIVADOS,Base Champenoise champanha,2016,740395,0
DERIVADOS,Base Charmat champanha,2016,250280,0
DERIVADOS,Bebida de uva,2016,3474,0
DERIVADOS,Polpa de uva,2016,1620430,0
DERIVADOS,Mosto simples,2016,49770993,0
DERIVADOS,Mosto concentrado,2016,0,0
DERIVADOS,Mosto de uva com bagaço,2016,0,0
DERIVADOS,Mosto dessulfitado,2016,0,0
DERIVADOS,Mistelas,2016,0,0
DERIVADOS,Néctar de uva,2016,0,0
DERIVADOS,Licorosos,2016,0,0
DERIVADOS,Compostos,2016,0,0
DERIVADOS,Jeropiga,2016,0,0
DERIVADOS,Filtrado,2016,0,0
DERIVADOS,Frisante,2016,0,0
DERIVADOS,Vinho leve,2016,0,0
DERIVADOS,Vinho licoroso,2016,24200,0
DERIVADOS,Brandy,2016,0,0
DERIVADOS,Destilado,2016,0,0
DERIVADOS,Bagaceira,2016,1000,0
DERIVADOS,Licor de bagaceira,2016,0,0
DERIVADOS,Vinagre,2016,5000,0
DERIVADOS,Borra líquida,2016,24975,0
DERIVADOS,Borra seca,2016,82367,0
DERIVADOS,Vinho Composto,2016,0,0
DERIVADOS,Pisco,2016,0,0
DERIVADOS,Vinho orgânico,2016,0,0
DERIVADOS,Espumante orgânico,2016,0,0
DERIVADOS,Destilado alcoólico simples de bagaceira,2016,0,0
DERIVADOS,Vinho acidificado,2016,0,0
DERIVADOS,Mosto parcialmente fermentado,2016,0,0
DERIVADOS,Outros derivados,2016,0,0
VINHO DE MESA,VINHO DE MESA,2017,255015187,176059959
VINHO DE MESA,Tinto,2017,1365957,154309442
VINHO DE MESA,Branco,2017,217527985,20653091
VINHO DE MESA,Rosado,2017,36121245,1097426
VINHO  FINO DE MESA,VINHO FINO DE MESA (VINIFERA),2017,44537870,0
VINHO FINO DE MESA,Tinto,2017,21442212,0
VINHO FINO DE MESA,Branco,2017,21928400,0
VINHO FINO DE MESA,Rosado,2017,1167258,0
SUCO,SUCO,2017,77161971,0
SUCO,Suco de uva integral,2017,46865626,0
SUCO,Suco de uva concentrado,2017,30059271,0
SUCO,Suco de uva adoçado,2017,177774,0
SUCO,Suco de uva orgânico,2017,0,0
SUCO,Suco de uva reconstituído,2017,59300,0
DERIVADOS,DERIVADOS,2017,109116761,0
DERIVADOS,Espumante,2017,11280,0
DERIVADOS,Espumante moscatel,2017,152375,0
DERIVADOS,Base espumante,2017,0,0
DERIVADOS,Base espumante moscatel,2017,1965629,0
DERIVADOS,Base Champenoise champanha,2017,1552403,0
DERIVADOS,Base Charmat champanha,2017,893364,0
DERIVADOS,Bebida de uva,2017,0,0
DERIVADOS,Polpa de uva,2017,2507125,0
DERIVADOS,Mosto simples,2017,101010116,0
DERIVADOS,Mosto concentrado,2017,0,0
DERIVADOS,Mosto de uva com bagaço,2017,772110,0
DERIVADOS,Mosto dessulfitado,2017,0,0
DERIVADOS,Mistelas,2017,1500,0
DERIVADOS,Néctar de uva,2017,3000,0
DERIVADOS,Licorosos,2017,110820,0
DERIVADOS,Compostos,2017,0,0
DERIVADOS,Jeropiga,2017,0,0
DERIVADOS,Filtrado,2017,0,0
DERIVADOS,Frisante,2017,0,0
DERIVADOS,Vinho leve,2017,0,0
DERIVADOS,Vinho licoroso,2017,110820,0
DERIVADOS,Brandy,2017,0,0
DERIVADOS,Destilado,2017,0,0
DERIVADOS,Bagaceira,2017,900,0
DERIVADOS,Licor de bagaceira,2017,0,0
DERIVADOS,Vinagre,2017,25319,0
DERIVADOS,Borra líquida,2017,0,0
DERIVADOS,Borra seca,2017,0,0
DERIVADOS,Vinho Composto,2017,0,0
DERIVADOS,Pisco,2017,0,0
DERIVADOS,Vinho orgânico,2017,0,0
DERIVADOS,Espumante orgânico,2017,0,0
DERIVADOS,Destilado alcoólico simples de bagaceira,2017,0,0
DERIVADOS,Vinho acidificado,2017,0,0
DERIVADOS,Mosto parcialmente fermentado,2017,0,0
DERIVADOS,Outros derivados,2017,0,0
VINHO DE MESA,VINHO DE MESA,2018,218375636,177186273
VINHO DE MESA,Tinto,2018,188270142,155115499
VINHO DE MESA,Branco,2018,29229970,20097830
VINHO DE MESA,Rosado,2018,875524,1972944
VINHO  FINO DE MESA,VINHO FINO DE MESA (VINIFERA),2018,38707220,0
VINHO FINO DE MESA,Tinto,2018,19118254,0
VINHO FINO DE MESA,Branco,2018,18297257,0
VINHO FINO DE MESA,Rosado,2018,1291709,0
SUCO,SUCO,2018,65467906,0
SUCO,Suco de uva integral,2018,34367996,0
SUCO,Suco de uva concentrado,2018,31099910,0
SUCO,Suco de uva adoçado,2018,0,0
SUCO,Suco de uva orgânico,2018,0,0
SUCO,Suco de uva reconstituído,2018,0,0
DERIVADOS,DERIVADOS,2018,95202101,0
DERIVADOS,Espumante,2018,68500,0
DERIVADOS,Espumante moscatel,2018,326200,0
DERIVADOS,Base espumante,2018,0,0
DERIVADOS,Base espumante moscatel,2018,1320650,0
DERIVADOS,Base Champenoise champanha,2018,228518,0
DERIVADOS,Base Charmat champanha,2018,1746540,0
DERIVADOS,Bebida de uva,2018,0,0
DERIVADOS,Polpa de uva,2018,2112683,0
DERIVADOS,Mosto simples,2018,88910980,0
DERIVADOS,Mosto concentrado,2018,0,0
DERIVADOS,Mosto de uva com bagaço,2018,0,0
DERIVADOS,Mosto dessulfitado,2018,0,0
DERIVADOS,Mistelas,2018,2000,0
DERIVADOS,Néctar de uva,2018,0,0
DERIVADOS,Licorosos,2018,0,0
DERIVADOS,Compostos,2018,0,0
DERIVADOS,Jeropiga,2018,0,0
DERIVADOS,Filtrado,2018,0,0
DERIVADOS,Frisante,2018,0,0
DERIVADOS,Vinho leve,2018,8000,0
DERIVADOS,Vinho licoroso,2018,124303,0
DERIVADOS,Brandy,2018,0,0
DERIVADOS,Destilado,2018,680,0
DERIVADOS,Bagaceira,2018,2100,0
DERIVADOS,Licor de bagaceira,2018,0,0
DERIVADOS,Vinagre,2018,25367,0
DERIVADOS,Borra líquida,2018,255100,0
DERIVADOS,Borra seca,2018,70480,0
DERIVADOS,Vinho Composto,2018,0,0
DERIVADOS,Pisco,2018,0,0
DERIVADOS,Vinho orgânico,2018,0,0
DERIVADOS,Espumante orgânico,2018,0,0
DERIVADOS,Destilado alcoólico simples de bagaceira,2018,0,0
DERIVADOS,Vinho acidificado,2018,0,0
DERIVADOS,Mosto parcialmente fermentado,2018,0,0
DERIVADOS,Outros derivados,2018,0,0
VINHO DE MESA,VINHO DE MESA,2019,144629737,180446489
VINHO DE MESA,Tinto,2019,121045115,158519218
VINHO DE MESA,Branco,2019,22032828,20661836
VINHO DE MESA,Rosado,2019,1551794,1265435
VINHO  FINO DE MESA,VINHO FINO DE MESA (VINIFERA),2019,37615422,0
VINHO FINO DE MESA,Tinto,2019,17389377,0
VINHO FINO DE MESA,Branco,2019,18193055,0
VINHO FINO DE MESA,Rosado,2019,2032990,0
SUCO,SUCO,2019,77805352,0
SUCO,Suco de uva integral,2019,50239767,0
SUCO,Suco de uva concentrado,2019,26861009,0
SUCO,Suco de uva adoçado,2019,120320,0
SUCO,Suco de uva orgânico,2019,0,0
SUCO,Suco de uva reconstituído,2019,584256,0
DERIVADOS,DERIVADOS,2019,142888747,0
DERIVADOS,Espumante,2019,52176,0
DERIVADOS,Espumante moscatel,2019,515800,0
DERIVADOS,Base espumante,2019,0,0
DERIVADOS,Base espumante moscatel,2019,1962443,0
DERIVADOS,Base Champenoise champanha,2019,274903,0
DERIVADOS,Base Charmat champanha,2019,1188095,0
DERIVADOS,Bebida de uva,2019,0,0
DERIVADOS,Polpa de uva,2019,1480269,0
DERIVADOS,Mosto simples,2019,135614344,0
DERIVADOS,Mosto concentrado,2019,0,0
DERIVADOS,Mosto de uva com bagaço,2019,645816,0
DERIVADOS,Mosto dessulfitado,2019,1000,0
DERIVADOS,Mistelas,2019,3000,0
DERIVADOS,Néctar de uva,2019,32519,0
DERIVADOS,Licorosos,2019,0,0
DERIVADOS,Compostos,2019,0,0
DERIVADOS,Jeropiga,2019,0,0
DERIVADOS,Filtrado,2019,0,0
DERIVADOS,Frisante,2019,0,0
DERIVADOS,Vinho leve,2019,0,0
DERIVADOS,Vinho licoroso,2019,99485,0
DERIVADOS,Brandy,2019,0,0
DERIVADOS,Destilado,2019,0,0
DERIVADOS,Bagaceira,2019,10495,0
DERIVADOS,Licor de bagaceira,2019,1507,0
DERIVADOS,Vinagre,2019,76096,0
DERIVADOS,Borra líquida,2019,901431,0
DERIVADOS,Borra seca,2019,25996,0
DERIVADOS,Vinho Composto,2019,0,0
DERIVADOS,Pisco,2019,3372,0
DERIVADOS,Vinho orgânico,2019,0,0
DERIVADOS,Espumante orgânico,2019,0,0
DERIVADOS,Destilado alcoólico simples de bagaceira,2019,0,0
DERIVADOS,Vinho acidificado,2019,0,0
DERIVADOS,Mosto parcialmente fermentado,2019,0,0
DERIVADOS,Outros derivados,2019,0,0
VINHO DE MESA,VINHO DE MESA,2020,124200414,215557931
VINHO DE MESA,Tinto,2020,103916391,189573423
VINHO DE MESA,Branco,2020,19568734,24589607
VINHO DE MESA,Rosado,2020,715289,1394901
VINHO  FINO DE MESA,VINHO FINO DE MESA (VINIFERA),2020,32516686,0
VINHO FINO DE MESA,Tinto,2020,15451883,0
VINHO FINO DE MESA,Branco,2020,15487915,0
VINHO FINO DE MESA,Rosado,2020,1576888,0
SUCO,SUCO,2020,69261287,0
SUCO,Suco de uva integral,2020,40718523,0
SUCO,Suco de uva concentrado,2020,27963865,0
SUCO,Suco de uva adoçado,2020,107289,0
SUCO,Suco de uva orgânico,2020,471610,0
SUCO,Suco de uva reconstituído,2020,0,0
DERIVADOS,DERIVADOS,2020,92533804,0
DERIVADOS,Espumante,2020,32399,0
DERIVADOS,Espumante moscatel,2020,689139,0
DERIVADOS,Base espumante,2020,0,0
DERIVADOS,Base espumante moscatel,2020,3006705,0
DERIVADOS,Base Champenoise champanha,2020,200777,0
DERIVADOS,Base Charmat champanha,2020,2487939,0
DERIVADOS,Bebida de uva,2020,0,0
DERIVADOS,Polpa de uva,2020,1803472,0
DERIVADOS,Mosto simples,2020,80355474,0
DERIVADOS,Mosto concentrado,2020,0,0
DERIVADOS,Mosto de uva com bagaço,2020,3078256,0
DERIVADOS,Mosto dessulfitado,2020,5000,0
DERIVADOS,Mistelas,2020,0,0
DERIVADOS,Néctar de uva,2020,46000,0
DERIVADOS,Licorosos,2020,0,0
DERIVADOS,Compostos,2020,0,0
DERIVADOS,Jeropiga,2020,2000,0
DERIVADOS,Filtrado,2020,0,0
DERIVADOS,Frisante,2020,0,0
DERIVADOS,Vinho leve,2020,0,0
DERIVADOS,Vinho licoroso,2020,48678,0
DERIVADOS,Brandy,2020,0,0
DERIVADOS,Destilado,2020,0,0
DERIVADOS,Bagaceira,2020,0,0
DERIVADOS,Licor de bagaceira,2020,5800,0
DERIVADOS,Vinagre,2020,10000,0
DERIVADOS,Borra líquida,2020,509378,0
DERIVADOS,Borra seca,2020,167587,0
DERIVADOS,Vinho Composto,2020,0,0
DERIVADOS,Pisco,2020,1000,0
DERIVADOS,Vinho orgânico,2020,18700,0
DERIVADOS,Espumante orgânico,2020,0,0
DERIVADOS,Destilado alcoólico simples de bagaceira,2020,500,0
DERIVADOS,Vinho acidificado,2020,65000,0
DERIVADOS,Mosto parcialmente fermentado,2020,0,0
DERIVADOS,Outros derivados,2020,0,0
VINHO DE MESA,VINHO DE MESA,2021,173899995,210012238
VINHO DE MESA,Tinto,2021,146075996,185653678
VINHO DE MESA,Branco,2021,26432799,22426954
VINHO DE MESA,Rosado,2021,1391200,1931606
VINHO  FINO DE MESA,VINHO FINO DE MESA (VINIFERA),2021,43474998,0
VINHO FINO DE MESA,Tinto,2021,20433249,0
VINHO FINO DE MESA,Branco,2021,20867999,0
VINHO FINO DE MESA,Rosado,2021,2173750,0
SUCO,SUCO,2021,100932264,0
SUCO,Suco de uva integral,2021,68038479,0
SUCO,Suco de uva concentrado,2021,32131218,0
SUCO,Suco de uva adoçado,2021,40450,0
SUCO,Suco de uva orgânico,2021,722117,0
SUCO,Suco de uva reconstituído,2021,0,0
DERIVADOS,DERIVADOS,2021,169031493,0
DERIVADOS,Espumante,2021,70091,0
DERIVADOS,Espumante moscatel,2021,11950,0
DERIVADOS,Base espumante,2021,5475049,0
DERIVADOS,Base espumante moscatel,2021,5549471,0
DERIVADOS,Base Champenoise champanha,2021,0,0
DERIVADOS,Base Charmat champanha,2021,0,0
DERIVADOS,Bebida de uva,2021,2000,0
DERIVADOS,Polpa de uva,2021,1180578,0
DERIVADOS,Mosto simples,2021,153579926,0
DERIVADOS,Mosto concentrado,2021,0,0
DERIVADOS,Mosto de uva com bagaço,2021,618764,0
DERIVADOS,Mosto dessulfitado,2021,1532000,0
DERIVADOS,Mistelas,2021,2500,0
DERIVADOS,Néctar de uva,2021,18187,0
DERIVADOS,Licorosos,2021,0,0
DERIVADOS,Compostos,2021,0,0
DERIVADOS,Jeropiga,2021,3540,0
DERIVADOS,Filtrado,2021,0,0
DERIVADOS,Frisante,2021,1390,0
DERIVADOS,Vinho leve,2021,0,0
DERIVADOS,Vinho licoroso,2021,30000,0
DERIVADOS,Brandy,2021,120,0
DERIVADOS,Destilado,2021,0,0
DERIVADOS,Bagaceira,2021,12060,0
DERIVADOS,Licor de bagaceira,2021,0,0
DERIVADOS,Vinagre,2021,7500,0
DERIVADOS,Borra líquida,2021,116450,0
DERIVADOS,Borra seca,2021,16789,0
DERIVADOS,Vinho Composto,2021,160000,0
DERIVADOS,Pisco,2021,0,0
DERIVADOS,Vinho orgânico,2021,93884,0
DERIVADOS,Espumante orgânico,2021,2412,0
DERIVADOS,Destilado alcoólico simples de bagaceira,2021,3000,0
DERIVADOS,Vinho acidificado,2021,0,0
DERIVADOS,Mosto parcialmente fermentado,2021,543510,0
DERIVADOS,Outros derivados,2021,322,0
VINHO DE MESA,VINHO DE MESA,2022,195031611,187939996
VINHO DE MESA,Tinto,2022,162844214,165067340
VINHO DE MESA,Branco,2022,30198430,20658933
VINHO DE MESA,Rosado,2022,1988968,2213723
VINHO  FINO DE MESA,VINHO FINO DE MESA (VINIFERA),2022,47511796,0
VINHO FINO DE MESA,Tinto,2022,24417918,0
VINHO FINO DE MESA,Branco,2022,20896613,0
VINHO FINO DE MESA,Rosado,2022,2197265,0
SUCO,SUCO,2022,65809079,0
SUCO,Suco de uva integral,2022,35248305,0
SUCO,Suco de uva concentrado,2022,29892550,0
SUCO,Suco de uva adoçado,2022,79130,0
SUCO,Suco de uva orgânico,2022,589094,0
SUCO,Suco de uva reconstituído,2022,0,0
DERIVADOS,DERIVADOS,2022,138501226,0
DERIVADOS,Espumante,2022,70759,0
DERIVADOS,Espumante moscatel,2022,27200,0
DERIVADOS,Base espumante,2022,0,0
DERIVADOS,Base espumante moscatel,2022,6308043,0
DERIVADOS,Base Champenoise champanha,2022,1146717,0
DERIVADOS,Base Charmat champanha,2022,4078766,0
DERIVADOS,Bebida de uva,2022,0,0
DERIVADOS,Polpa de uva,2022,387886,0
DERIVADOS,Mosto simples,2022,126048241,0
DERIVADOS,Mosto concentrado,2022,0,0
DERIVADOS,Mosto de uva com bagaço,2022,0,0
DERIVADOS,Mosto dessulfitado,2022,0,0
DERIVADOS,Mistelas,2022,0,0
DERIVADOS,Néctar de uva,2022,0,0
DERIVADOS,Licorosos,2022,0,0
DERIVADOS,Compostos,2022,0,0
DERIVADOS,Jeropiga,2022,5000,0
DERIVADOS,Filtrado,2022,0,0
DERIVADOS,Frisante,2022,0,0
DERIVADOS,Vinho leve,2022,0,0
DERIVADOS,Vinho licoroso,2022,67000,0
DERIVADOS,Brandy,2022,0,0
DERIVADOS,Destilado,2022,0,0
DERIVADOS,Bagaceira,2022,4998,0
DERIVADOS,Licor de bagaceira,2022,0,0
DERIVADOS,Vinagre,2022,16200,0
DERIVADOS,Borra líquida,2022,0,0
DERIVADOS,Borra seca,2022,0,0
DERIVADOS,Vinho Composto,2022,0,0
DERIVADOS,Pisco,2022,0,0
DERIVADOS,Vinho orgânico,2022,88890,0
DERIVADOS,Espumante orgânico,2022,0,0
DERIVADOS,Destilado alcoólico simples de bagaceira,2022,4300,0
DERIVADOS,Vinho acidificado,2022,0,0
DERIVADOS,Mosto parcialmente fermentado,2022,0,0
DERIVADOS,Outros derivados,2022,247228,0
VINHO DE MESA,VINHO DE MESA,2023,169762429,187016848
VINHO DE MESA,Tinto,2023,139320884,165097539
VINHO DE MESA,Branco,2023,27910299,19398561
VINHO DE MESA,Rosado,2023,2531246,2520748
VINHO  FINO DE MESA,VINHO FINO DE MESA (VINIFERA),2023,46268556,0
VINHO FINO DE MESA,Tinto,2023,23615783,0
VINHO FINO DE MESA,Branco,2023,20693437,0
VINHO FINO DE MESA,Rosado,2023,1959336,0
SUCO,SUCO,2023,67045238,0
SUCO,Suco de uva integral,2023,38122173,0
SUCO,Suco de uva concentrado,2023,28216760,0
SUCO,Suco de uva adoçado,2023,94587,0
SUCO,Suco de uva orgânico,2023,611718,0
SUCO,Suco de uva reconstituído,2023,0,0
DERIVADOS,DERIVADOS,2023,174716647,0
DERIVADOS,Espumante,2023,65525,0
DERIVADOS,Espumante moscatel,2023,14744,0
DERIVADOS,Base espumante,2023,0,0
DERIVADOS,Base espumante moscatel,2023,6734590,0
DERIVADOS,Base Champenoise champanha,2023,1552243,0
DERIVADOS,Base Charmat champanha,2023,5418118,0
DERIVADOS,Bebida de uva,2023,1627,0
DERIVADOS,Polpa de uva,2023,1388251,0
DERIVADOS,Mosto simples,2023,157848983,0
DERIVADOS,Mosto concentrado,2023,0,0
DERIVADOS,Mosto de uva com bagaço,2023,7784,0
DERIVADOS,Mosto dessulfitado,2023,0,0
DERIVADOS,Mistelas,2023,600,0
DERIVADOS,Néctar de uva,2023,70976,0
DERIVADOS,Licorosos,2023,0,0
DERIVADOS,Compostos,2023,0,0
DERIVADOS,Jeropiga,2023,4500,0
DERIVADOS,Filtrado,2023,0,0
DERIVADOS,Frisante,2023,0,0
DERIVADOS,Vinho leve,2023,0,0
DERIVADOS,Vinho licoroso,2023,73600,0
DERIVADOS,Brandy,2023,450,0
DERIVADOS,Destilado,2023,0,0
DERIVADOS,Bagaceira,2023,0,0
DERIVADOS,Licor de bagaceira,2023,0,0
DERIVADOS,Vinagre,2023,9000,0
DERIVADOS,Borra líquida,2023,758140,0
DERIVADOS,Borra seca,2023,17200,0
DERIVADOS,Vinho Composto,2023,0,0
DERIVADOS,Pisco,2023,0,0
DERIVADOS,Vinho orgânico,2023,94150,0
DERIVADOS,Espumante orgânico,2023,1365,0
DERIVADOS,Destilado alcoólico simples de bagaceira,2023,0,0
DERIVADOS,Vinho acidificado,2023,2500,0
DERIVADOS,Mosto parcialmente fermentado,2023,0,0
DERIVADOS,Outros derivados,2023,652301,0
VINHO  FINO DE MESA,VINHO  FINO DE MESA,2009,0,33080270
VINHO  FINO DE MESA,Tinto,2009,0,19576295
VINHO  FINO DE MESA,Rosado,2009,0,213835
VINHO  FINO DE MESA,Branco,2009,0,13290140
VINHO FRIZANTE,VINHO FRIZANTE,2009,0,1003596
VINHO ORGÂNICO,VINHO ORGÂNICO,2009,0,0
VINHO ESPECIAL,VINHO ESPECIAL,2009,0,113
VINHO ESPECIAL,Tinto,2009,0,113
VINHO ESPECIAL,Rosado,2009,0,0
VINHO ESPECIAL,Branco,2009,0,0
ESPUMANTES,ESPUMANTES,2009,0,11242890
ESPUMANTES,Espumante  Moscatel,2009,0,2500230
ESPUMANTES,Espumante,2009,0,8742660
ESPUMANTES,Espumante Orgânico,2009,0,0
SUCO DE UVAS,SUCO DE UVAS,2009,0,29131455
SUCO DE UVAS,Suco Natural Integral,2009,0,0
SUCO DE UVAS,Suco Adoçado,2009,0,0
SUCO DE UVAS,Suco Reprocessado/reconstituido,2009,0,0
SUCO DE UVAS,Suco Orgânico,2009,0,0
SUCO DE UVAS,Outros sucos de uvas,2009,0,0
SUCO DE UVAS CONCENTRADO,SUCO DE UVAS CONCENTRADO,2009,0,31861857
OUTROS PRODUTOS COMERCIALIZADOS,OUTROS PRODUTOS COMERCIALIZADOS,2009,0,26554757
OUTROS PRODUTOS COMERCIALIZADOS,Outros vinhos (sem informação detalhada),2009,0,0
OUTROS PRODUTOS COMERCIALIZADOS,"Agrin (fermentado, acetico misto)",2009,0,6745427
OUTROS PRODUTOS COMERCIALIZADOS,Aguardente de vinho 50°gl,2009,0,0
OUTROS PRODUTOS COMERCIALIZADOS,Alcool vinico,2009,0,0
OUTROS PRODUTOS COMERCIALIZADOS,Bagaceira (graspa),2009,0,21133
OUTROS PRODUTOS COMERCIALIZADOS,Base champenoise champanha,2009,0,0
OUTROS PRODUTOS COMERCIALIZADOS,Base charmat champanha,2009,0,0
OUTROS PRODUTOS COMERCIALIZADOS,Base espumante moscatel,2009,0,0
OUTROS PRODUTOS COMERCIALIZADOS,Bebida de uva,2009,0,1279586
OUTROS PRODUTOS COMERCIALIZADOS,Borra líquida,2009,0,12000
OUTROS PRODUTOS COMERCIALIZADOS,Borra seca,2009,0,0
OUTROS PRODUTOS COMERCIALIZADOS,Brandy (conhaque),2009,0,7151
OUTROS PRODUTOS COMERCIALIZADOS,Cooler,2009,0,4561959
OUTROS PRODUTOS COMERCIALIZADOS,Coquetel com vinho,2009,0,1354734
OUTROS PRODUTOS COMERCIALIZADOS,Destilado de vinho,2009,0,100
OUTROS PRODUTOS COMERCIALIZADOS,Filtrado doce,2009,0,6533888
OUTROS PRODUTOS COMERCIALIZADOS,Jeropiga,2009,0,14443
OUTROS PRODUTOS COMERCIALIZADOS,Mistelas,2009,0,7034
OUTROS PRODUTOS COMERCIALIZADOS,Mosto concentrado,2009,0,0
OUTROS PRODUTOS COMERCIALIZADOS,Mosto de uva,2009,0,0
OUTROS PRODUTOS COMERCIALIZADOS,Mosto sulfitado,2009,0,0
OUTROS PRODUTOS COMERCIALIZADOS,Nectar de uva,2009,0,4933019
OUTROS PRODUTOS COMERCIALIZADOS,Outros produtos,2009,0,418132
OUTROS PRODUTOS COMERCIALIZADOS,Polpa de uva,2009,0,1339958
OUTROS PRODUTOS COMERCIALIZADOS,Preparado líquido para refresco,2009,0,467005
OUTROS PRODUTOS COMERCIALIZADOS,Refrigerante +50% suco,2009,0,0
OUTROS PRODUTOS COMERCIALIZADOS,Sangria,2009,0,192082
OUTROS PRODUTOS COMERCIALIZADOS,Vinagre balsamico,2009,0,36937
OUTROS PRODUTOS COMERCIALIZADOS,Vinagre duplo,2009,0,426804
OUTROS PRODUTOS COMERCIALIZADOS,Vinagre simples,2009,0,2996318
OUTROS PRODUTOS COMERCIALIZADOS,Vinho acetificado,2009,0,808389
OUTROS PRODUTOS COMERCIALIZADOS,Vinho base para espumantes,2009,0,10649
OUTROS PRODUTOS COMERCIALIZADOS,Vinho composto,2009,0,542123
OUTROS PRODUTOS COMERCIALIZADOS,Vinho licoroso,2009,0,591313
OUTROS PRODUTOS COMERCIALIZADOS,Vinho leve,2009,0,0
OUTROS PRODUTOS COMERCIALIZADOS,Vinho gaseificado,2009,0,0
VINHO  FINO DE MESA,VINHO  FINO DE MESA,2010,0,21390159
VINHO  FINO DE MESA,Tinto,2010,0,15184398
VINHO  FINO DE MESA,Rosado,2010,0,236802
VINHO  FINO DE MESA,Branco,2010,0,5968959
VINHO FRIZANTE,VINHO FRIZANTE,2010,0,1851136
VINHO ORGÂNICO,VINHO ORGÂNICO,2010,0,0
VINHO ESPECIAL,VINHO ESPECIAL,2010,0,293
VINHO ESPECIAL,Tinto,2010,0,293
VINHO ESPECIAL,Rosado,2010,0,0
VINHO ESPECIAL,Branco,2010,0,0
ESPUMANTES,ESPUMANTES,2010,0,12647906
ESPUMANTES,Espumante  Moscatel,2010,0,2946179
ESPUMANTES,Espumante,2010,0,9701727
ESPUMANTES,Espumante Orgânico,2010,0,0
SUCO DE UVAS,SUCO DE UVAS,2010,0,35164681
SUCO DE UVAS,Suco Natural Integral,2010,0,0
SUCO DE UVAS,Suco Adoçado,2010,0,0
SUCO DE UVAS,Suco Reprocessado/reconstituido,2010,0,0
SUCO DE UVAS,Suco Orgânico,2010,0,0
SUCO DE UVAS,Outros sucos de uvas,2010,0,0
SUCO DE UVAS CONCENTRADO,SUCO DE UVAS CONCENTRADO,2010,0,30827991
OUTROS PRODUTOS COMERCIALIZADOS,OUTROS PRODUTOS COMERCIALIZADOS,2010,0,29023870
OUTROS PRODUTOS COMERCIALIZADOS,Outros vinhos (sem informação detalhada),2010,0,0
OUTROS PRODUTOS COMERCIALIZADOS,"Agrin (fermentado, acetico misto)",2010,0,6852708
OUTROS PRODUTOS COMERCIALIZADOS,Aguardente de vinho 50°gl,2010,0,0
OUTROS PRODUTOS COMERCIALIZADOS,Alcool vinico,2010,0,0
OUTROS PRODUTOS COMERCIALIZADOS,Bagaceira (graspa),2010,0,16413
OUTROS PRODUTOS COMERCIALIZADOS,Base champenoise champanha,2010,0,11
OUTROS PRODUTOS COMERCIALIZADOS,Base charmat champanha,2010,0,42847
OUTROS PRODUTOS COMERCIALIZADOS,Base espumante moscatel,2010,0,18418
OUTROS PRODUTOS COMERCIALIZADOS,Bebida de uva,2010,0,763368
OUTROS PRODUTOS COMERCIALIZADOS,Borra líquida,2010,0,13000
OUTROS PRODUTOS COMERCIALIZADOS,Borra seca,2010,0,46000
OUTROS PRODUTOS COMERCIALIZADOS,Brandy (conhaque),2010,0,6448
OUTROS PRODUTOS COMERCIALIZADOS,Cooler,2010,0,4674272
OUTROS PRODUTOS COMERCIALIZADOS,Coquetel com vinho,2010,0,977962
OUTROS PRODUTOS COMERCIALIZADOS,Destilado de vinho,2010,0,31814
OUTROS PRODUTOS COMERCIALIZADOS,Filtrado doce,2010,0,6611313
OUTROS PRODUTOS COMERCIALIZADOS,Jeropiga,2010,0,37310
OUTROS PRODUTOS COMERCIALIZADOS,Mistelas,2010,0,26577
OUTROS PRODUTOS COMERCIALIZADOS,Mosto concentrado,2010,0,0
OUTROS PRODUTOS COMERCIALIZADOS,Mosto de uva,2010,0,12438
OUTROS PRODUTOS COMERCIALIZADOS,Mosto sulfitado,2010,0,0
OUTROS PRODUTOS COMERCIALIZADOS,Nectar de uva,2010,0,5397459
OUTROS PRODUTOS COMERCIALIZADOS,Outros produtos,2010,0,284824
OUTROS PRODUTOS COMERCIALIZADOS,Polpa de uva,2010,0,2774322
OUTROS PRODUTOS COMERCIALIZADOS,Preparado líquido para refresco,2010,0,377010
OUTROS PRODUTOS COMERCIALIZADOS,Refrigerante +50% suco,2010,0,0
OUTROS PRODUTOS COMERCIALIZADOS,Sangria,2010,0,172214
OUTROS PRODUTOS COMERCIALIZADOS,Vinagre balsamico,2010,0,67502
OUTROS PRODUTOS COMERCIALIZADOS,Vinagre duplo,2010,0,912242
OUTROS PRODUTOS COMERCIALIZADOS,Vinagre simples,2010,0,3336175
OUTROS PRODUTOS COMERCIALIZADOS,Vinho acetificado,2010,0,1123858
OUTROS PRODUTOS COMERCIALIZADOS,Vinho base para espumantes,2010,0,0
OUTROS PRODUTOS COMERCIALIZADOS,Vinho composto,2010,0,661586
OUTROS PRODUTOS COMERCIALIZADOS,Vinho licoroso,2010,0,638487
OUTROS PRODUTOS COMERCIALIZADOS,Vinho leve,2010,0,0
OUTROS PRODUTOS COMERCIALIZADOS,Vinho gaseificado,2010,0,0
VINHO  FINO DE MESA,VINHO  FINO DE MESA,2011,0,19967310
VINHO  FINO DE MESA,Tinto,2011,0,14876896
VINHO  FINO DE MESA,Rosado,2011,0,211484
VINHO  FINO DE MESA,Branco,2011,0,4878930
VINHO FRIZANTE,VINHO FRIZANTE,2011,0,1706679
VINHO ORGÂNICO,VINHO ORGÂNICO,2011,0,0
VINHO ESPECIAL,VINHO ESPECIAL,2011,0,699
VINHO ESPECIAL,Tinto,2011,0,699
VINHO ESPECIAL,Rosado,2011,0,0
VINHO ESPECIAL,Branco,2011,0,0
ESPUMANTES,ESPUMANTES,2011,0,13305275
ESPUMANTES,Espumante  Moscatel,2011,0,2996441
ESPUMANTES,Espumante,2011,0,10308834
ESPUMANTES,Espumante Orgânico,2011,0,0
SUCO DE UVAS,SUCO DE UVAS,2011,0,45222136
SUCO DE UVAS,Suco Natural Integral,2011,0,0
SUCO DE UVAS,Suco Adoçado,2011,0,0
SUCO DE UVAS,Suco Reprocessado/reconstituido,2011,0,0
SUCO DE UVAS,Suco Orgânico,2011,0,0
SUCO DE UVAS,Outros sucos de uvas,2011,0,0
SUCO DE UVAS CONCENTRADO,SUCO DE UVAS CONCENTRADO,2011,0,34892316
OUTROS PRODUTOS COMERCIALIZADOS,OUTROS PRODUTOS COMERCIALIZADOS,2011,0,28783827
OUTROS PRODUTOS COMERCIALIZADOS,Outros vinhos (sem informação detalhada),2011,0,0
OUTROS PRODUTOS COMERCIALIZADOS,"Agrin (fermentado, acetico misto)",2011,0,5997697
OUTROS PRODUTOS COMERCIALIZADOS,Aguardente de vinho 50°gl,2011,0,0
OUTROS PRODUTOS COMERCIALIZADOS,Alcool vinico,2011,0,0
OUTROS PRODUTOS COMERCIALIZADOS,Bagaceira (graspa),2011,0,18111
OUTROS PRODUTOS COMERCIALIZADOS,Base champenoise champanha,2011,0,41134
OUTROS PRODUTOS COMERCIALIZADOS,Base charmat champanha,2011,0,66220
OUTROS PRODUTOS COMERCIALIZADOS,Base espumante moscatel,2011,0,22162
OUTROS PRODUTOS COMERCIALIZADOS,Bebida de uva,2011,0,532821
OUTROS PRODUTOS COMERCIALIZADOS,Borra líquida,2011,0,22016
OUTROS PRODUTOS COMERCIALIZADOS,Borra seca,2011,0,73006
OUTROS PRODUTOS COMERCIALIZADOS,Brandy (conhaque),2011,0,5640
OUTROS PRODUTOS COMERCIALIZADOS,Cooler,2011,0,4684087
OUTROS PRODUTOS COMERCIALIZADOS,Coquetel com vinho,2011,0,805235
OUTROS PRODUTOS COMERCIALIZADOS,Destilado de vinho,2011,0,90364
OUTROS PRODUTOS COMERCIALIZADOS,Filtrado doce,2011,0,7001836
OUTROS PRODUTOS COMERCIALIZADOS,Jeropiga,2011,0,57887
OUTROS PRODUTOS COMERCIALIZADOS,Mistelas,2011,0,983
OUTROS PRODUTOS COMERCIALIZADOS,Mosto concentrado,2011,0,0
OUTROS PRODUTOS COMERCIALIZADOS,Mosto de uva,2011,0,291399
OUTROS PRODUTOS COMERCIALIZADOS,Mosto sulfitado,2011,0,0
OUTROS PRODUTOS COMERCIALIZADOS,Nectar de uva,2011,0,5703340
OUTROS PRODUTOS COMERCIALIZADOS,Outros produtos,2011,0,385029
OUTROS PRODUTOS COMERCIALIZADOS,Polpa de uva,2011,0,1875782
OUTROS PRODUTOS COMERCIALIZADOS,Preparado líquido para refresco,2011,0,367193
OUTROS PRODUTOS COMERCIALIZADOS,Refrigerante +50% suco,2011,0,0
OUTROS PRODUTOS COMERCIALIZADOS,Sangria,2011,0,158868
OUTROS PRODUTOS COMERCIALIZADOS,Vinagre balsamico,2011,0,78540
OUTROS PRODUTOS COMERCIALIZADOS,Vinagre duplo,2011,0,875720
OUTROS PRODUTOS COMERCIALIZADOS,Vinagre simples,2011,0,3386303
OUTROS PRODUTOS COMERCIALIZADOS,Vinho acetificado,2011,0,983700
OUTROS PRODUTOS COMERCIALIZADOS,Vinho base para espumantes,2011,0,0
OUTROS PRODUTOS COMERCIALIZADOS,Vinho composto,2011,0,662965
OUTROS PRODUTOS COMERCIALIZADOS,Vinho licoroso,2011,0,593486
OUTROS PRODUTOS COMERCIALIZADOS,Vinho leve,2011,0,0
OUTROS PRODUTOS COMERCIALIZADOS,Vinho gaseificado,2011,0,0
VINHO  FINO DE MESA,VINHO  FINO DE MESA,2012,0,22469950
VINHO  FINO DE MESA,Tinto,2012,0,15443016
VINHO  FINO DE MESA,Rosado,2012,0,150806
VINHO  FINO DE MESA,Branco,2012,0,6876128
VINHO FRIZANTE,VINHO FRIZANTE,2012,0,1605767
VINHO ORGÂNICO,VINHO ORGÂNICO,2012,0,0
VINHO ESPECIAL,VINHO ESPECIAL,2012,0,239
VINHO ESPECIAL,Tinto,2012,0,239
VINHO ESPECIAL,Rosado,2012,0,0
VINHO ESPECIAL,Branco,2012,0,0
ESPUMANTES,ESPUMANTES,2012,0,14889147
ESPUMANTES,Espumante  Moscatel,2012,0,3610289
ESPUMANTES,Espumante,2012,0,11278858
ESPUMANTES,Espumante Orgânico,2012,0,0
SUCO DE UVAS,SUCO DE UVAS,2012,0,53832204
SUCO DE UVAS,Suco Natural Integral,2012,0,0
SUCO DE UVAS,Suco Adoçado,2012,0,0
SUCO DE UVAS,Suco Reprocessado/reconstituido,2012,0,0
SUCO DE UVAS,Suco Orgânico,2012,0,0
SUCO DE UVAS,Outros sucos de uvas,2012,0,0
SUCO DE UVAS CONCENTRADO,SUCO DE UVAS CONCENTRADO,2012,0,33529324
OUTROS PRODUTOS COMERCIALIZADOS,OUTROS PRODUTOS COMERCIALIZADOS,2012,0,30316511
OUTROS PRODUTOS COMERCIALIZADOS,Outros vinhos (sem informação detalhada),2012,0,0
OUTROS PRODUTOS COMERCIALIZADOS,"Agrin (fermentado, acetico misto)",2012,0,5311258
OUTROS PRODUTOS COMERCIALIZADOS,Aguardente de vinho 50°gl,2012,0,0
OUTROS PRODUTOS COMERCIALIZADOS,Alcool vinico,2012,0,0
OUTROS PRODUTOS COMERCIALIZADOS,Bagaceira (graspa),2012,0,14710
OUTROS PRODUTOS COMERCIALIZADOS,Base champenoise champanha,2012,0,42671
OUTROS PRODUTOS COMERCIALIZADOS,Base charmat champanha,2012,0,46518
OUTROS PRODUTOS COMERCIALIZADOS,Base espumante moscatel,2012,0,25921
OUTROS PRODUTOS COMERCIALIZADOS,Bebida de uva,2012,0,261223
OUTROS PRODUTOS COMERCIALIZADOS,Borra líquida,2012,0,21980
OUTROS PRODUTOS COMERCIALIZADOS,Borra seca,2012,0,89000
OUTROS PRODUTOS COMERCIALIZADOS,Brandy (conhaque),2012,0,5495
OUTROS PRODUTOS COMERCIALIZADOS,Cooler,2012,0,4258333
OUTROS PRODUTOS COMERCIALIZADOS,Coquetel com vinho,2012,0,907199
OUTROS PRODUTOS COMERCIALIZADOS,Destilado de vinho,2012,0,30000
OUTROS PRODUTOS COMERCIALIZADOS,Filtrado doce,2012,0,7108554
OUTROS PRODUTOS COMERCIALIZADOS,Jeropiga,2012,0,55050
OUTROS PRODUTOS COMERCIALIZADOS,Mistelas,2012,0,5097
OUTROS PRODUTOS COMERCIALIZADOS,Mosto concentrado,2012,0,0
OUTROS PRODUTOS COMERCIALIZADOS,Mosto de uva,2012,0,29304
OUTROS PRODUTOS COMERCIALIZADOS,Mosto sulfitado,2012,0,0
OUTROS PRODUTOS COMERCIALIZADOS,Nectar de uva,2012,0,5644055
OUTROS PRODUTOS COMERCIALIZADOS,Outros produtos,2012,0,484205
OUTROS PRODUTOS COMERCIALIZADOS,Polpa de uva,2012,0,1995839
OUTROS PRODUTOS COMERCIALIZADOS,Preparado líquido para refresco,2012,0,613313
OUTROS PRODUTOS COMERCIALIZADOS,Refrigerante +50% suco,2012,0,0
OUTROS PRODUTOS COMERCIALIZADOS,Sangria,2012,0,73590
OUTROS PRODUTOS COMERCIALIZADOS,Vinagre balsamico,2012,0,102259
OUTROS PRODUTOS COMERCIALIZADOS,Vinagre duplo,2012,0,1208132
OUTROS PRODUTOS COMERCIALIZADOS,Vinagre simples,2012,0,4027358
OUTROS PRODUTOS COMERCIALIZADOS,Vinho acetificado,2012,0,2110450
OUTROS PRODUTOS COMERCIALIZADOS,Vinho base para espumantes,2012,0,0
OUTROS PRODUTOS COMERCIALIZADOS,Vinho composto,2012,0,510914
OUTROS PRODUTOS COMERCIALIZADOS,Vinho licoroso,2012,0,645341
OUTROS PRODUTOS COMERCIALIZADOS,Vinho leve,2012,0,0
OUTROS PRODUTOS COMERCIALIZADOS,Vinho gaseificado,2012,0,0
VINHO  FINO DE MESA,VINHO  FINO DE MESA,2013,0,27912934
VINHO  FINO DE MESA,Tinto,2013,0,19121750
VINHO  FINO DE MESA,Rosado,2013,0,214269
VINHO  FINO DE MESA,Branco,2013,0,8576915
VINHO FRIZANTE,VINHO FRIZANTE,2013,0,1764851
VINHO ORGÂNICO,VINHO ORGÂNICO,2013,0,0
VINHO ESPECIAL,VINHO ESPECIAL,2013,0,2257
VINHO ESPECIAL,Tinto,2013,0,2257
VINHO ESPECIAL,Rosado,2013,0,0
VINHO ESPECIAL,Branco,2013,0,0
ESPUMANTES,ESPUMANTES,2013,0,15978504
ESPUMANTES,Espumante  Moscatel,2013,0,3783531
ESPUMANTES,Espumante,2013,0,12194973
ESPUMANTES,Espumante Orgânico,2013,0,0
SUCO DE UVAS,SUCO DE UVAS,2013,0,75973297
SUCO DE UVAS,Suco Natural Integral,2013,0,0
SUCO DE UVAS,Suco Adoçado,2013,0,0
SUCO DE UVAS,Suco Reprocessado/reconstituido,2013,0,0
SUCO DE UVAS,Suco Orgânico,2013,0,0
SUCO DE UVAS,Outros sucos de uvas,2013,0,0
SUCO DE UVAS CONCENTRADO,SUCO DE UVAS CONCENTRADO,2013,0,38369914
OUTROS PRODUTOS COMERCIALIZADOS,OUTROS PRODUTOS COMERCIALIZADOS,2013,0,36841561
OUTROS PRODUTOS COMERCIALIZADOS,Outros vinhos (sem informação detalhada),2013,0,0
OUTROS PRODUTOS COMERCIALIZADOS,"Agrin (fermentado, acetico misto)",2013,0,56936
OUTROS PRODUTOS COMERCIALIZADOS,Aguardente de vinho 50°gl,2013,0,0
OUTROS PRODUTOS COMERCIALIZADOS,Alcool vinico,2013,0,0
OUTROS PRODUTOS COMERCIALIZADOS,Bagaceira (graspa),2013,0,17075
OUTROS PRODUTOS COMERCIALIZADOS,Base champenoise champanha,2013,0,27078
OUTROS PRODUTOS COMERCIALIZADOS,Base charmat champanha,2013,0,97260
OUTROS PRODUTOS COMERCIALIZADOS,Base espumante moscatel,2013,0,26483
OUTROS PRODUTOS COMERCIALIZADOS,Bebida de uva,2013,0,291188
OUTROS PRODUTOS COMERCIALIZADOS,Borra líquida,2013,0,22000
OUTROS PRODUTOS COMERCIALIZADOS,Borra seca,2013,0,62825
OUTROS PRODUTOS COMERCIALIZADOS,Brandy (conhaque),2013,0,6276
OUTROS PRODUTOS COMERCIALIZADOS,Cooler,2013,0,4028017
OUTROS PRODUTOS COMERCIALIZADOS,Coquetel com vinho,2013,0,806955
OUTROS PRODUTOS COMERCIALIZADOS,Destilado de vinho,2013,0,24838
OUTROS PRODUTOS COMERCIALIZADOS,Filtrado doce,2013,0,6685648
OUTROS PRODUTOS COMERCIALIZADOS,Jeropiga,2013,0,94860
OUTROS PRODUTOS COMERCIALIZADOS,Mistelas,2013,0,1655
OUTROS PRODUTOS COMERCIALIZADOS,Mosto concentrado,2013,0,0
OUTROS PRODUTOS COMERCIALIZADOS,Mosto de uva,2013,0,325562
OUTROS PRODUTOS COMERCIALIZADOS,Mosto sulfitado,2013,0,0
OUTROS PRODUTOS COMERCIALIZADOS,Nectar de uva,2013,0,5347775
OUTROS PRODUTOS COMERCIALIZADOS,Outros produtos,2013,0,529274
OUTROS PRODUTOS COMERCIALIZADOS,Polpa de uva,2013,0,1981851
OUTROS PRODUTOS COMERCIALIZADOS,Preparado líquido para refresco,2013,0,623481
OUTROS PRODUTOS COMERCIALIZADOS,Refrigerante +50% suco,2013,0,0
OUTROS PRODUTOS COMERCIALIZADOS,Sangria,2013,0,76039
OUTROS PRODUTOS COMERCIALIZADOS,Vinagre balsamico,2013,0,122749
OUTROS PRODUTOS COMERCIALIZADOS,Vinagre duplo,2013,0,3233270
OUTROS PRODUTOS COMERCIALIZADOS,Vinagre simples,2013,0,8049936
OUTROS PRODUTOS COMERCIALIZADOS,Vinho acetificado,2013,0,3154800
OUTROS PRODUTOS COMERCIALIZADOS,Vinho base para espumantes,2013,0,0
OUTROS PRODUTOS COMERCIALIZADOS,Vinho composto,2013,0,595513
OUTROS PRODUTOS COMERCIALIZADOS,Vinho licoroso,2013,0,609153
OUTROS PRODUTOS COMERCIALIZADOS,Vinho leve,2013,0,0
OUTROS PRODUTOS COMERCIALIZADOS,Vinho gaseificado,2013,0,0
VINHO  FINO DE MESA,VINHO  FINO DE MESA,2014,0,20424983
VINHO  FINO DE MESA,Tinto,2014,0,15354938
VINHO  FINO DE MESA,Rosado,2014,0,164219
VINHO  FINO DE MESA,Branco,2014,0,4905826
VINHO FRIZANTE,VINHO FRIZANTE,2014,0,1893469
VINHO ORGÂNICO,VINHO ORGÂNICO,2014,0,0
VINHO ESPECIAL,VINHO ESPECIAL,2014,0,7231
VINHO ESPECIAL,Tinto,2014,0,7231
VINHO ESPECIAL,Rosado,2014,0,0
VINHO ESPECIAL,Branco,2014,0,0
ESPUMANTES,ESPUMANTES,2014,0,17191075
ESPUMANTES,Espumante  Moscatel,2014,0,4588465
ESPUMANTES,Espumante,2014,0,12602610
ESPUMANTES,Espumante Orgânico,2014,0,0
SUCO DE UVAS,SUCO DE UVAS,2014,0,88013377
SUCO DE UVAS,Suco Natural Integral,2014,0,0
SUCO DE UVAS,Suco Adoçado,2014,0,0
SUCO DE UVAS,Suco Reprocessado/reconstituido,2014,0,0
SUCO DE UVAS,Suco Orgânico,2014,0,0
SUCO DE UVAS,Outros sucos de uvas,2014,0,0
SUCO DE UVAS CONCENTRADO,SUCO DE UVAS CONCENTRADO,2014,0,39359935
OUTROS PRODUTOS COMERCIALIZADOS,OUTROS PRODUTOS COMERCIALIZADOS,2014,0,34963296
OUTROS PRODUTOS COMERCIALIZADOS,Outros vinhos (sem informação detalhada),2014,0,0
OUTROS PRODUTOS COMERCIALIZADOS,"Agrin (fermentado, acetico misto)",2014,0,0
OUTROS PRODUTOS COMERCIALIZADOS,Aguardente de vinho 50°gl,2014,0,0
OUTROS PRODUTOS COMERCIALIZADOS,Alcool vinico,2014,0,0
OUTROS PRODUTOS COMERCIALIZADOS,Bagaceira (graspa),2014,0,14472
OUTROS PRODUTOS COMERCIALIZADOS,Base champenoise champanha,2014,0,46476
OUTROS PRODUTOS COMERCIALIZADOS,Base charmat champanha,2014,0,75067
OUTROS PRODUTOS COMERCIALIZADOS,Base espumante moscatel,2014,0,37395
OUTROS PRODUTOS COMERCIALIZADOS,Bebida de uva,2014,0,70999
OUTROS PRODUTOS COMERCIALIZADOS,Borra líquida,2014,0,33381
OUTROS PRODUTOS COMERCIALIZADOS,Borra seca,2014,0,106400
OUTROS PRODUTOS COMERCIALIZADOS,Brandy (conhaque),2014,0,6625
OUTROS PRODUTOS COMERCIALIZADOS,Cooler,2014,0,4045218
OUTROS PRODUTOS COMERCIALIZADOS,Coquetel com vinho,2014,0,736496
OUTROS PRODUTOS COMERCIALIZADOS,Destilado de vinho,2014,0,150
OUTROS PRODUTOS COMERCIALIZADOS,Filtrado doce,2014,0,6267047
OUTROS PRODUTOS COMERCIALIZADOS,Jeropiga,2014,0,64937
OUTROS PRODUTOS COMERCIALIZADOS,Mistelas,2014,0,948
OUTROS PRODUTOS COMERCIALIZADOS,Mosto concentrado,2014,0,0
OUTROS PRODUTOS COMERCIALIZADOS,Mosto de uva,2014,0,1818425
OUTROS PRODUTOS COMERCIALIZADOS,Mosto sulfitado,2014,0,0
OUTROS PRODUTOS COMERCIALIZADOS,Nectar de uva,2014,0,3488907
OUTROS PRODUTOS COMERCIALIZADOS,Outros produtos,2014,0,639191
OUTROS PRODUTOS COMERCIALIZADOS,Polpa de uva,2014,0,2358125
OUTROS PRODUTOS COMERCIALIZADOS,Preparado líquido para refresco,2014,0,259320
OUTROS PRODUTOS COMERCIALIZADOS,Refrigerante +50% suco,2014,0,0
OUTROS PRODUTOS COMERCIALIZADOS,Sangria,2014,0,86279
OUTROS PRODUTOS COMERCIALIZADOS,Vinagre balsamico,2014,0,124379
OUTROS PRODUTOS COMERCIALIZADOS,Vinagre duplo,2014,0,969702
OUTROS PRODUTOS COMERCIALIZADOS,Vinagre simples,2014,0,8180657
OUTROS PRODUTOS COMERCIALIZADOS,Vinho acetificado,2014,0,4465675
OUTROS PRODUTOS COMERCIALIZADOS,Vinho base para espumantes,2014,0,0
OUTROS PRODUTOS COMERCIALIZADOS,Vinho composto,2014,0,450121
OUTROS PRODUTOS COMERCIALIZADOS,Vinho licoroso,2014,0,616904
OUTROS PRODUTOS COMERCIALIZADOS,Vinho leve,2014,0,0
OUTROS PRODUTOS COMERCIALIZADOS,Vinho gaseificado,2014,0,0
VINHO  FINO DE MESA,VINHO  FINO DE MESA,2015,0,20141631
VINHO  FINO DE MESA,Tinto,2015,0,15572632
VINHO  FINO DE MESA,Rosado,2015,0,169185
VINHO  FINO DE MESA,Branco,2015,0,4399814
VINHO FRIZANTE,VINHO FRIZANTE,2015,0,1836167
VINHO ORGÂNICO,VINHO ORGÂNICO,2015,0,0
VINHO ESPECIAL,VINHO ESPECIAL,2015,0,593
VINHO ESPECIAL,Tinto,2015,0,593
VINHO ESPECIAL,Rosado,2015,0,0
VINHO ESPECIAL,Branco,2015,0,0
ESPUMANTES,ESPUMANTES,2015,0,18897144
ESPUMANTES,Espumante  Moscatel,2015,0,5010704
ESPUMANTES,Espumante,2015,0,13886440
ESPUMANTES,Espumante Orgânico,2015,0,0
SUCO DE UVAS,SUCO DE UVAS,2015,0,115288072
SUCO DE UVAS,Suco Natural Integral,2015,0,0
SUCO DE UVAS,Suco Adoçado,2015,0,0
SUCO DE UVAS,Suco Reprocessado/reconstituido,2015,0,0
SUCO DE UVAS,Suco Orgânico,2015,0,0
SUCO DE UVAS,Outros sucos de uvas,2015,0,0
SUCO DE UVAS CONCENTRADO,SUCO DE UVAS CONCENTRADO,2015,0,34923477
OUTROS PRODUTOS COMERCIALIZADOS,OUTROS PRODUTOS COMERCIALIZADOS,2015,0,31922948
OUTROS PRODUTOS COMERCIALIZADOS,Outros vinhos (sem informação detalhada),2015,0,0
OUTROS PRODUTOS COMERCIALIZADOS,"Agrin (fermentado, acetico misto)",2015,0,0
OUTROS PRODUTOS COMERCIALIZADOS,Aguardente de vinho 50°gl,2015,0,5
OUTROS PRODUTOS COMERCIALIZADOS,Alcool vinico,2015,0,0
OUTROS PRODUTOS COMERCIALIZADOS,Bagaceira (graspa),2015,0,16268
OUTROS PRODUTOS COMERCIALIZADOS,Base champenoise champanha,2015,0,72774
OUTROS PRODUTOS COMERCIALIZADOS,Base charmat champanha,2015,0,117404
OUTROS PRODUTOS COMERCIALIZADOS,Base espumante moscatel,2015,0,77054
OUTROS PRODUTOS COMERCIALIZADOS,Bebida de uva,2015,0,2801
OUTROS PRODUTOS COMERCIALIZADOS,Borra líquida,2015,0,24091
OUTROS PRODUTOS COMERCIALIZADOS,Borra seca,2015,0,128754
OUTROS PRODUTOS COMERCIALIZADOS,Brandy (conhaque),2015,0,8118
OUTROS PRODUTOS COMERCIALIZADOS,Cooler,2015,0,3297202
OUTROS PRODUTOS COMERCIALIZADOS,Coquetel com vinho,2015,0,611787
OUTROS PRODUTOS COMERCIALIZADOS,Destilado de vinho,2015,0,0
OUTROS PRODUTOS COMERCIALIZADOS,Filtrado doce,2015,0,6001714
OUTROS PRODUTOS COMERCIALIZADOS,Jeropiga,2015,0,58860
OUTROS PRODUTOS COMERCIALIZADOS,Mistelas,2015,0,1144
OUTROS PRODUTOS COMERCIALIZADOS,Mosto concentrado,2015,0,0
OUTROS PRODUTOS COMERCIALIZADOS,Mosto de uva,2015,0,335966
OUTROS PRODUTOS COMERCIALIZADOS,Mosto sulfitado,2015,0,0
OUTROS PRODUTOS COMERCIALIZADOS,Nectar de uva,2015,0,3959884
OUTROS PRODUTOS COMERCIALIZADOS,Outros produtos,2015,0,660042
OUTROS PRODUTOS COMERCIALIZADOS,Polpa de uva,2015,0,2500025
OUTROS PRODUTOS COMERCIALIZADOS,Preparado líquido para refresco,2015,0,160245
OUTROS PRODUTOS COMERCIALIZADOS,Refrigerante +50% suco,2015,0,0
OUTROS PRODUTOS COMERCIALIZADOS,Sangria,2015,0,131599
OUTROS PRODUTOS COMERCIALIZADOS,Vinagre balsamico,2015,0,120677
OUTROS PRODUTOS COMERCIALIZADOS,Vinagre duplo,2015,0,1164527
OUTROS PRODUTOS COMERCIALIZADOS,Vinagre simples,2015,0,8188031
OUTROS PRODUTOS COMERCIALIZADOS,Vinho acetificado,2015,0,3359266
OUTROS PRODUTOS COMERCIALIZADOS,Vinho base para espumantes,2015,0,0
OUTROS PRODUTOS COMERCIALIZADOS,Vinho composto,2015,0,413735
OUTROS PRODUTOS COMERCIALIZADOS,Vinho licoroso,2015,0,510975
OUTROS PRODUTOS COMERCIALIZADOS,Vinho leve,2015,0,0
OUTROS PRODUTOS COMERCIALIZADOS,Vinho gaseificado,2015,0,0
VINHO  FINO DE MESA,VINHO  FINO DE MESA,2016,0,19630158
VINHO  FINO DE MESA,Tinto,2016,0,15228514
VINHO  FINO DE MESA,Rosado,2016,0,172351
VINHO  FINO DE MESA,Branco,2016,0,4229293
VINHO FRIZANTE,VINHO FRIZANTE,2016,0,1727386
VINHO ORGÂNICO,VINHO ORGÂNICO,2016,0,0
VINHO ESPECIAL,VINHO ESPECIAL,2016,0,331
VINHO ESPECIAL,Tinto,2016,0,331
VINHO ESPECIAL,Rosado,2016,0,0
VINHO ESPECIAL,Branco,2016,0,0
ESPUMANTES,ESPUMANTES,2016,0,16945710
ESPUMANTES,Espumante  Moscatel,2016,0,4507467
ESPUMANTES,Espumante,2016,0,12438243
ESPUMANTES,Espumante Orgânico,2016,0,0
SUCO DE UVAS,SUCO DE UVAS,2016,0,92290851
SUCO DE UVAS,Suco Natural Integral,2016,0,0
SUCO DE UVAS,Suco Adoçado,2016,0,0
SUCO DE UVAS,Suco Reprocessado/reconstituido,2016,0,0
SUCO DE UVAS,Suco Orgânico,2016,0,0
SUCO DE UVAS,Outros sucos de uvas,2016,0,0
SUCO DE UVAS CONCENTRADO,SUCO DE UVAS CONCENTRADO,2016,0,28859784
OUTROS PRODUTOS COMERCIALIZADOS,OUTROS PRODUTOS COMERCIALIZADOS,2016,0,27120309
OUTROS PRODUTOS COMERCIALIZADOS,Outros vinhos (sem informação detalhada),2016,0,0
OUTROS PRODUTOS COMERCIALIZADOS,"Agrin (fermentado, acetico misto)",2016,0,0
OUTROS PRODUTOS COMERCIALIZADOS,Aguardente de vinho 50°gl,2016,0,0
OUTROS PRODUTOS COMERCIALIZADOS,Alcool vinico,2016,0,6315
OUTROS PRODUTOS COMERCIALIZADOS,Bagaceira (graspa),2016,0,9301
OUTROS PRODUTOS COMERCIALIZADOS,Base champenoise champanha,2016,0,74805
OUTROS PRODUTOS COMERCIALIZADOS,Base charmat champanha,2016,0,122356
OUTROS PRODUTOS COMERCIALIZADOS,Base espumante moscatel,2016,0,131739
OUTROS PRODUTOS COMERCIALIZADOS,Bebida de uva,2016,0,1483
OUTROS PRODUTOS COMERCIALIZADOS,Borra líquida,2016,0,15000
OUTROS PRODUTOS COMERCIALIZADOS,Borra seca,2016,0,57292
OUTROS PRODUTOS COMERCIALIZADOS,Brandy (conhaque),2016,0,8253
OUTROS PRODUTOS COMERCIALIZADOS,Cooler,2016,0,2450732
OUTROS PRODUTOS COMERCIALIZADOS,Coquetel com vinho,2016,0,506532
OUTROS PRODUTOS COMERCIALIZADOS,Destilado de vinho,2016,0,6700
OUTROS PRODUTOS COMERCIALIZADOS,Filtrado doce,2016,0,4225414
OUTROS PRODUTOS COMERCIALIZADOS,Jeropiga,2016,0,14429
OUTROS PRODUTOS COMERCIALIZADOS,Mistelas,2016,0,835
OUTROS PRODUTOS COMERCIALIZADOS,Mosto concentrado,2016,0,0
OUTROS PRODUTOS COMERCIALIZADOS,Mosto de uva,2016,0,9458
OUTROS PRODUTOS COMERCIALIZADOS,Mosto sulfitado,2016,0,0
OUTROS PRODUTOS COMERCIALIZADOS,Nectar de uva,2016,0,3288046
OUTROS PRODUTOS COMERCIALIZADOS,Outros produtos,2016,0,763041
OUTROS PRODUTOS COMERCIALIZADOS,Polpa de uva,2016,0,1924093
OUTROS PRODUTOS COMERCIALIZADOS,Preparado líquido para refresco,2016,0,33684
OUTROS PRODUTOS COMERCIALIZADOS,Refrigerante +50% suco,2016,0,0
OUTROS PRODUTOS COMERCIALIZADOS,Sangria,2016,0,77070
OUTROS PRODUTOS COMERCIALIZADOS,Vinagre balsamico,2016,0,101991
OUTROS PRODUTOS COMERCIALIZADOS,Vinagre duplo,2016,0,1083539
OUTROS PRODUTOS COMERCIALIZADOS,Vinagre simples,2016,0,8186761
OUTROS PRODUTOS COMERCIALIZADOS,Vinho acetificado,2016,0,3097566
OUTROS PRODUTOS COMERCIALIZADOS,Vinho base para espumantes,2016,0,0
OUTROS PRODUTOS COMERCIALIZADOS,Vinho composto,2016,0,377685
OUTROS PRODUTOS COMERCIALIZADOS,Vinho licoroso,2016,0,546189
OUTROS PRODUTOS COMERCIALIZADOS,Vinho leve,2016,0,0
OUTROS PRODUTOS COMERCIALIZADOS,Vinho gaseificado,2016,0,0
VINHO  FINO DE MESA,VINHO  FINO DE MESA,2017,0,15874354
VINHO  FINO DE MESA,Tinto,2017,0,12021684
VINHO  FINO DE MESA,Rosado,2017,0,182080
VINHO  FINO DE MESA,Branco,2017,0,3670590
VINHO FRIZANTE,VINHO FRIZANTE,2017,0,1586985
VINHO ORGÂNICO,VINHO ORGÂNICO,2017,0,0
VINHO ESPECIAL,VINHO ESPECIAL,2017,0,0
VINHO ESPECIAL,Tinto,2017,0,0
VINHO ESPECIAL,Rosado,2017,0,0
VINHO ESPECIAL,Branco,2017,0,0
ESPUMANTES,ESPUMANTES,2017,0,17583283
ESPUMANTES,Espumante  Moscatel,2017,0,5561181
ESPUMANTES,Espumante,2017,0,12022102
ESPUMANTES,Espumante Orgânico,2017,0,0
SUCO DE UVAS,SUCO DE UVAS,2017,0,107243326
SUCO DE UVAS,Suco Natural Integral,2017,0,0
SUCO DE UVAS,Suco Adoçado,2017,0,0
SUCO DE UVAS,Suco Reprocessado/reconstituido,2017,0,0
SUCO DE UVAS,Suco Orgânico,2017,0,0
SUCO DE UVAS,Outros sucos de uvas,2017,0,0
SUCO DE UVAS CONCENTRADO,SUCO DE UVAS CONCENTRADO,2017,0,26815645
OUTROS PRODUTOS COMERCIALIZADOS,OUTROS PRODUTOS COMERCIALIZADOS,2017,0,28027052
OUTROS PRODUTOS COMERCIALIZADOS,Outros vinhos (sem informação detalhada),2017,0,0
OUTROS PRODUTOS COMERCIALIZADOS,"Agrin (fermentado, acetico misto)",2017,0,0
OUTROS PRODUTOS COMERCIALIZADOS,Aguardente de vinho 50°gl,2017,0,0
OUTROS PRODUTOS COMERCIALIZADOS,Alcool vinico,2017,0,49662
OUTROS PRODUTOS COMERCIALIZADOS,Bagaceira (graspa),2017,0,9257
OUTROS PRODUTOS COMERCIALIZADOS,Base champenoise champanha,2017,0,48866
OUTROS PRODUTOS COMERCIALIZADOS,Base charmat champanha,2017,0,298836
OUTROS PRODUTOS COMERCIALIZADOS,Base espumante moscatel,2017,0,139070
OUTROS PRODUTOS COMERCIALIZADOS,Bebida de uva,2017,0,10297
OUTROS PRODUTOS COMERCIALIZADOS,Borra líquida,2017,0,20795
OUTROS PRODUTOS COMERCIALIZADOS,Borra seca,2017,0,4970
OUTROS PRODUTOS COMERCIALIZADOS,Brandy (conhaque),2017,0,5089
OUTROS PRODUTOS COMERCIALIZADOS,Cooler,2017,0,2471612
OUTROS PRODUTOS COMERCIALIZADOS,Coquetel com vinho,2017,0,418433
OUTROS PRODUTOS COMERCIALIZADOS,Destilado de vinho,2017,0,0
OUTROS PRODUTOS COMERCIALIZADOS,Filtrado doce,2017,0,4208753
OUTROS PRODUTOS COMERCIALIZADOS,Jeropiga,2017,0,508
OUTROS PRODUTOS COMERCIALIZADOS,Mistelas,2017,0,1194
OUTROS PRODUTOS COMERCIALIZADOS,Mosto concentrado,2017,0,0
OUTROS PRODUTOS COMERCIALIZADOS,Mosto de uva,2017,0,63971
OUTROS PRODUTOS COMERCIALIZADOS,Mosto sulfitado,2017,0,0
OUTROS PRODUTOS COMERCIALIZADOS,Nectar de uva,2017,0,4727294
OUTROS PRODUTOS COMERCIALIZADOS,Outros produtos,2017,0,1082923
OUTROS PRODUTOS COMERCIALIZADOS,Polpa de uva,2017,0,1876212
OUTROS PRODUTOS COMERCIALIZADOS,Preparado líquido para refresco,2017,0,30519
OUTROS PRODUTOS COMERCIALIZADOS,Refrigerante +50% suco,2017,0,0
OUTROS PRODUTOS COMERCIALIZADOS,Sangria,2017,0,62272
OUTROS PRODUTOS COMERCIALIZADOS,Vinagre balsamico,2017,0,81944
OUTROS PRODUTOS COMERCIALIZADOS,Vinagre duplo,2017,0,975992
OUTROS PRODUTOS COMERCIALIZADOS,Vinagre simples,2017,0,7686691
OUTROS PRODUTOS COMERCIALIZADOS,Vinho acetificado,2017,0,2769202
OUTROS PRODUTOS COMERCIALIZADOS,Vinho base para espumantes,2017,0,0
OUTROS PRODUTOS COMERCIALIZADOS,Vinho composto,2017,0,485944
OUTROS PRODUTOS COMERCIALIZADOS,Vinho licoroso,2017,0,496746
OUTROS PRODUTOS COMERCIALIZADOS,Vinho leve,2017,0,0
OUTROS PRODUTOS COMERCIALIZADOS,Vinho gaseificado,2017,0,0
VINHO  FINO DE MESA,VINHO  FINO DE MESA,2018,0,14826143
VINHO  FINO DE MESA,Tinto,2018,0,11150517
VINHO  FINO DE MESA,Rosado,2018,0,262430
VINHO  FINO DE MESA,Branco,2018,0,3413196
VINHO FRIZANTE,VINHO FRIZANTE,2018,0,1638337
VINHO ORGÂNICO,VINHO ORGÂNICO,2018,0,0
VINHO ESPECIAL,VINHO ESPECIAL,2018,0,0
VINHO ESPECIAL,Tinto,2018,0,0
VINHO ESPECIAL,Rosado,2018,0,0
VINHO ESPECIAL,Branco,2018,0,0
ESPUMANTES,ESPUMANTES,2018,0,18218375
ESPUMANTES,Espumante  Moscatel,2018,0,6526075
ESPUMANTES,Espumante,2018,0,11692300
ESPUMANTES,Espumante Orgânico,2018,0,0
SUCO DE UVAS,SUCO DE UVAS,2018,0,140472108
SUCO DE UVAS,Suco Natural Integral,2018,0,0
SUCO DE UVAS,Suco Adoçado,2018,0,0
SUCO DE UVAS,Suco Reprocessado/reconstituido,2018,0,0
SUCO DE UVAS,Suco Orgânico,2018,0,0
SUCO DE UVAS,Outros sucos de uvas,2018,0,0
SUCO DE UVAS CONCENTRADO,SUCO DE UVAS CONCENTRADO,2018,0,23572263
OUTROS PRODUTOS COMERCIALIZADOS,OUTROS PRODUTOS COMERCIALIZADOS,2018,0,31246158
OUTROS PRODUTOS COMERCIALIZADOS,Outros vinhos (sem informação detalhada),2018,0,3734763
OUTROS PRODUTOS COMERCIALIZADOS,"Agrin (fermentado, acetico misto)",2018,0,0
OUTROS PRODUTOS COMERCIALIZADOS,Aguardente de vinho 50°gl,2018,0,0
OUTROS PRODUTOS COMERCIALIZADOS,Alcool vinico,2018,0,21575
OUTROS PRODUTOS COMERCIALIZADOS,Bagaceira (graspa),2018,0,6929
OUTROS PRODUTOS COMERCIALIZADOS,Base champenoise champanha,2018,0,74941
OUTROS PRODUTOS COMERCIALIZADOS,Base charmat champanha,2018,0,287361
OUTROS PRODUTOS COMERCIALIZADOS,Base espumante moscatel,2018,0,109200
OUTROS PRODUTOS COMERCIALIZADOS,Bebida de uva,2018,0,10330
OUTROS PRODUTOS COMERCIALIZADOS,Borra líquida,2018,0,11600
OUTROS PRODUTOS COMERCIALIZADOS,Borra seca,2018,0,721280
OUTROS PRODUTOS COMERCIALIZADOS,Brandy (conhaque),2018,0,4652
OUTROS PRODUTOS COMERCIALIZADOS,Cooler,2018,0,3091682
OUTROS PRODUTOS COMERCIALIZADOS,Coquetel com vinho,2018,0,349836
OUTROS PRODUTOS COMERCIALIZADOS,Destilado de vinho,2018,0,82
OUTROS PRODUTOS COMERCIALIZADOS,Filtrado doce,2018,0,3867645
OUTROS PRODUTOS COMERCIALIZADOS,Jeropiga,2018,0,173
OUTROS PRODUTOS COMERCIALIZADOS,Mistelas,2018,0,1902
OUTROS PRODUTOS COMERCIALIZADOS,Mosto concentrado,2018,0,0
OUTROS PRODUTOS COMERCIALIZADOS,Mosto de uva,2018,0,715708
OUTROS PRODUTOS COMERCIALIZADOS,Mosto sulfitado,2018,0,0
OUTROS PRODUTOS COMERCIALIZADOS,Nectar de uva,2018,0,3517417
OUTROS PRODUTOS COMERCIALIZADOS,Outros produtos,2018,0,1773526
OUTROS PRODUTOS COMERCIALIZADOS,Polpa de uva,2018,0,1853162
OUTROS PRODUTOS COMERCIALIZADOS,Preparado líquido para refresco,2018,0,76888
OUTROS PRODUTOS COMERCIALIZADOS,Refrigerante +50% suco,2018,0,40574
OUTROS PRODUTOS COMERCIALIZADOS,Sangria,2018,0,58498
OUTROS PRODUTOS COMERCIALIZADOS,Vinagre balsamico,2018,0,133714
OUTROS PRODUTOS COMERCIALIZADOS,Vinagre duplo,2018,0,888589
OUTROS PRODUTOS COMERCIALIZADOS,Vinagre simples,2018,0,6994467
OUTROS PRODUTOS COMERCIALIZADOS,Vinho acetificado,2018,0,2158993
OUTROS PRODUTOS COMERCIALIZADOS,Vinho base para espumantes,2018,0,0
OUTROS PRODUTOS COMERCIALIZADOS,Vinho composto,2018,0,249165
OUTROS PRODUTOS COMERCIALIZADOS,Vinho licoroso,2018,0,491165
OUTROS PRODUTOS COMERCIALIZADOS,Vinho leve,2018,0,198
OUTROS PRODUTOS COMERCIALIZADOS,Vinho gaseificado,2018,0,143
VINHO  FINO DE MESA,VINHO  FINO DE MESA,2019,0,15684588
VINHO  FINO DE MESA,Tinto,2019,0,11433702
VINHO  FINO DE MESA,Rosado,2019,0,503524
VINHO  FINO DE MESA,Branco,2019,0,3747362
VINHO FRIZANTE,VINHO FRIZANTE,2019,0,1826433
VINHO ORGÂNICO,VINHO ORGÂNICO,2019,0,2554
VINHO ESPECIAL,VINHO ESPECIAL,2019,0,0
VINHO ESPECIAL,Tinto,2019,0,0
VINHO ESPECIAL,Rosado,2019,0,0
VINHO ESPECIAL,Branco,2019,0,0
ESPUMANTES,ESPUMANTES,2019,0,22759859
ESPUMANTES,Espumante  Moscatel,2019,0,8997187
ESPUMANTES,Espumante,2019,0,13762361
ESPUMANTES,Espumante Orgânico,2019,0,311
SUCO DE UVAS,SUCO DE UVAS,2019,0,147907617
SUCO DE UVAS,Suco Natural Integral,2019,0,131628685
SUCO DE UVAS,Suco Adoçado,2019,0,0
SUCO DE UVAS,Suco Reprocessado/reconstituido,2019,0,7759932
SUCO DE UVAS,Suco Orgânico,2019,0,416849
SUCO DE UVAS,Outros sucos de uvas,2019,0,8102151
SUCO DE UVAS CONCENTRADO,SUCO DE UVAS CONCENTRADO,2019,0,28721470
OUTROS PRODUTOS COMERCIALIZADOS,OUTROS PRODUTOS COMERCIALIZADOS,2019,0,34794651
OUTROS PRODUTOS COMERCIALIZADOS,Outros vinhos (sem informação detalhada),2019,0,310886
OUTROS PRODUTOS COMERCIALIZADOS,"Agrin (fermentado, acetico misto)",2019,0,0
OUTROS PRODUTOS COMERCIALIZADOS,Aguardente de vinho 50°gl,2019,0,0
OUTROS PRODUTOS COMERCIALIZADOS,Alcool vinico,2019,0,0
OUTROS PRODUTOS COMERCIALIZADOS,Bagaceira (graspa),2019,0,8746
OUTROS PRODUTOS COMERCIALIZADOS,Base champenoise champanha,2019,0,65692
OUTROS PRODUTOS COMERCIALIZADOS,Base charmat champanha,2019,0,271714
OUTROS PRODUTOS COMERCIALIZADOS,Base espumante moscatel,2019,0,115468
OUTROS PRODUTOS COMERCIALIZADOS,Bebida de uva,2019,0,498512
OUTROS PRODUTOS COMERCIALIZADOS,Borra líquida,2019,0,17398
OUTROS PRODUTOS COMERCIALIZADOS,Borra seca,2019,0,153770
OUTROS PRODUTOS COMERCIALIZADOS,Brandy (conhaque),2019,0,5015
OUTROS PRODUTOS COMERCIALIZADOS,Cooler,2019,0,3782516
OUTROS PRODUTOS COMERCIALIZADOS,Coquetel com vinho,2019,0,269701
OUTROS PRODUTOS COMERCIALIZADOS,Destilado de vinho,2019,0,309
OUTROS PRODUTOS COMERCIALIZADOS,Filtrado doce,2019,0,4076204
OUTROS PRODUTOS COMERCIALIZADOS,Jeropiga,2019,0,0
OUTROS PRODUTOS COMERCIALIZADOS,Mistelas,2019,0,3765
OUTROS PRODUTOS COMERCIALIZADOS,Mosto concentrado,2019,0,0
OUTROS PRODUTOS COMERCIALIZADOS,Mosto de uva,2019,0,5736852
OUTROS PRODUTOS COMERCIALIZADOS,Mosto sulfitado,2019,0,94000
OUTROS PRODUTOS COMERCIALIZADOS,Nectar de uva,2019,0,4006608
OUTROS PRODUTOS COMERCIALIZADOS,Outros produtos,2019,0,2294581
OUTROS PRODUTOS COMERCIALIZADOS,Polpa de uva,2019,0,1838395
OUTROS PRODUTOS COMERCIALIZADOS,Preparado líquido para refresco,2019,0,52567
OUTROS PRODUTOS COMERCIALIZADOS,Refrigerante +50% suco,2019,0,110648
OUTROS PRODUTOS COMERCIALIZADOS,Sangria,2019,0,67279
OUTROS PRODUTOS COMERCIALIZADOS,Vinagre balsamico,2019,0,211653
OUTROS PRODUTOS COMERCIALIZADOS,Vinagre duplo,2019,0,1130092
OUTROS PRODUTOS COMERCIALIZADOS,Vinagre simples,2019,0,6246945
OUTROS PRODUTOS COMERCIALIZADOS,Vinho acetificado,2019,0,2592380
OUTROS PRODUTOS COMERCIALIZADOS,Vinho base para espumantes,2019,0,0
OUTROS PRODUTOS COMERCIALIZADOS,Vinho composto,2019,0,366549
OUTROS PRODUTOS COMERCIALIZADOS,Vinho licoroso,2019,0,465964
OUTROS PRODUTOS COMERCIALIZADOS,Vinho leve,2019,0,306
OUTROS PRODUTOS COMERCIALIZADOS,Vinho gaseificado,2019,0,136
VINHO  FINO DE MESA,VINHO  FINO DE MESA,2020,0,24310834
VINHO  FINO DE MESA,Tinto,2020,0,18202453
VINHO  FINO DE MESA,Rosado,2020,0,993248
VINHO  FINO DE MESA,Branco,2020,0,5115133
VINHO FRIZANTE,VINHO FRIZANTE,2020,0,2557585
VINHO ORGÂNICO,VINHO ORGÂNICO,2020,0,10718
VINHO ESPECIAL,VINHO ESPECIAL,2020,0,0
VINHO ESPECIAL,Tinto,2020,0,0
VINHO ESPECIAL,Rosado,2020,0,0
VINHO ESPECIAL,Branco,2020,0,0
ESPUMANTES,ESPUMANTES,2020,0,22610762
ESPUMANTES,Espumante  Moscatel,2020,0,9298571
ESPUMANTES,Espumante,2020,0,13311450
ESPUMANTES,Espumante Orgânico,2020,0,742
SUCO DE UVAS,SUCO DE UVAS,2020,0,144889668
SUCO DE UVAS,Suco Natural Integral,2020,0,114453657
SUCO DE UVAS,Suco Adoçado,2020,0,0
SUCO DE UVAS,Suco Reprocessado/reconstituido,2020,0,22066742
SUCO DE UVAS,Suco Orgânico,2020,0,553391
SUCO DE UVAS,Outros sucos de uvas,2020,0,7815879
SUCO DE UVAS CONCENTRADO,SUCO DE UVAS CONCENTRADO,2020,0,22422414
OUTROS PRODUTOS COMERCIALIZADOS,OUTROS PRODUTOS COMERCIALIZADOS,2020,0,26547242
OUTROS PRODUTOS COMERCIALIZADOS,Outros vinhos (sem informação detalhada),2020,0,192057
OUTROS PRODUTOS COMERCIALIZADOS,"Agrin (fermentado, acetico misto)",2020,0,0
OUTROS PRODUTOS COMERCIALIZADOS,Aguardente de vinho 50°gl,2020,0,866
OUTROS PRODUTOS COMERCIALIZADOS,Alcool vinico,2020,0,6640
OUTROS PRODUTOS COMERCIALIZADOS,Bagaceira (graspa),2020,0,7610
OUTROS PRODUTOS COMERCIALIZADOS,Base champenoise champanha,2020,0,8772
OUTROS PRODUTOS COMERCIALIZADOS,Base charmat champanha,2020,0,123
OUTROS PRODUTOS COMERCIALIZADOS,Base espumante moscatel,2020,0,23703
OUTROS PRODUTOS COMERCIALIZADOS,Bebida de uva,2020,0,354511
OUTROS PRODUTOS COMERCIALIZADOS,Borra líquida,2020,0,22975
OUTROS PRODUTOS COMERCIALIZADOS,Borra seca,2020,0,146260
OUTROS PRODUTOS COMERCIALIZADOS,Brandy (conhaque),2020,0,7966
OUTROS PRODUTOS COMERCIALIZADOS,Cooler,2020,0,6260381
OUTROS PRODUTOS COMERCIALIZADOS,Coquetel com vinho,2020,0,205664
OUTROS PRODUTOS COMERCIALIZADOS,Destilado de vinho,2020,0,200
OUTROS PRODUTOS COMERCIALIZADOS,Filtrado doce,2020,0,2415338
OUTROS PRODUTOS COMERCIALIZADOS,Jeropiga,2020,0,1267
OUTROS PRODUTOS COMERCIALIZADOS,Mistelas,2020,0,1201
OUTROS PRODUTOS COMERCIALIZADOS,Mosto concentrado,2020,0,0
OUTROS PRODUTOS COMERCIALIZADOS,Mosto de uva,2020,0,48044
OUTROS PRODUTOS COMERCIALIZADOS,Mosto sulfitado,2020,0,0
OUTROS PRODUTOS COMERCIALIZADOS,Nectar de uva,2020,0,3319597
OUTROS PRODUTOS COMERCIALIZADOS,Outros produtos,2020,0,2543754
OUTROS PRODUTOS COMERCIALIZADOS,Polpa de uva,2020,0,1129453
OUTROS PRODUTOS COMERCIALIZADOS,Preparado líquido para refresco,2020,0,11366
OUTROS PRODUTOS COMERCIALIZADOS,Refrigerante +50% suco,2020,0,144945
OUTROS PRODUTOS COMERCIALIZADOS,Sangria,2020,0,11017
OUTROS PRODUTOS COMERCIALIZADOS,Vinagre balsamico,2020,0,248771
OUTROS PRODUTOS COMERCIALIZADOS,Vinagre duplo,2020,0,1075579
OUTROS PRODUTOS COMERCIALIZADOS,Vinagre simples,2020,0,6049584
OUTROS PRODUTOS COMERCIALIZADOS,Vinho acetificado,2020,0,1879227
OUTROS PRODUTOS COMERCIALIZADOS,Vinho base para espumantes,2020,0,0
OUTROS PRODUTOS COMERCIALIZADOS,Vinho composto,2020,0,63625
OUTROS PRODUTOS COMERCIALIZADOS,Vinho licoroso,2020,0,362340
OUTROS PRODUTOS COMERCIALIZADOS,Vinho leve,2020,0,396
OUTROS PRODUTOS COMERCIALIZADOS,Vinho gaseificado,2020,0,4012
VINHO  FINO DE MESA,VINHO  FINO DE MESA,2021,0,27080445
VINHO  FINO DE MESA,Tinto,2021,0,19337862
VINHO  FINO DE MESA,Rosado,2021,0,1603537
VINHO  FINO DE MESA,Branco,2021,0,6139046
VINHO FRIZANTE,VINHO FRIZANTE,2021,0,3696762
VINHO ORGÂNICO,VINHO ORGÂNICO,2021,0,18686
VINHO ESPECIAL,VINHO ESPECIAL,2021,0,0
VINHO ESPECIAL,Tinto,2021,0,0
VINHO ESPECIAL,Rosado,2021,0,0
VINHO ESPECIAL,Branco,2021,0,0
ESPUMANTES,ESPUMANTES,2021,0,31242697
ESPUMANTES,Espumante  Moscatel,2021,0,12240059
ESPUMANTES,Espumante,2021,0,19001999
ESPUMANTES,Espumante Orgânico,2021,0,639
SUCO DE UVAS,SUCO DE UVAS,2021,0,147753321
SUCO DE UVAS,Suco Natural Integral,2021,0,115173833
SUCO DE UVAS,Suco Adoçado,2021,0,0
SUCO DE UVAS,Suco Reprocessado/reconstituido,2021,0,26136089
SUCO DE UVAS,Suco Orgânico,2021,0,902299
SUCO DE UVAS,Outros sucos de uvas,2021,0,5541100
SUCO DE UVAS CONCENTRADO,SUCO DE UVAS CONCENTRADO,2021,0,26730942
OUTROS PRODUTOS COMERCIALIZADOS,OUTROS PRODUTOS COMERCIALIZADOS,2021,0,26657930
OUTROS PRODUTOS COMERCIALIZADOS,Outros vinhos (sem informação detalhada),2021,0,17618
OUTROS PRODUTOS COMERCIALIZADOS,"Agrin (fermentado, acetico misto)",2021,0,0
OUTROS PRODUTOS COMERCIALIZADOS,Aguardente de vinho 50°gl,2021,0,0
OUTROS PRODUTOS COMERCIALIZADOS,Alcool vinico,2021,0,0
OUTROS PRODUTOS COMERCIALIZADOS,Bagaceira (graspa),2021,0,7676
OUTROS PRODUTOS COMERCIALIZADOS,Base champenoise champanha,2021,0,9580
OUTROS PRODUTOS COMERCIALIZADOS,Base charmat champanha,2021,0,4230
OUTROS PRODUTOS COMERCIALIZADOS,Base espumante moscatel,2021,0,49734
OUTROS PRODUTOS COMERCIALIZADOS,Bebida de uva,2021,0,324298
OUTROS PRODUTOS COMERCIALIZADOS,Borra líquida,2021,0,935
OUTROS PRODUTOS COMERCIALIZADOS,Borra seca,2021,0,414100
OUTROS PRODUTOS COMERCIALIZADOS,Brandy (conhaque),2021,0,7311
OUTROS PRODUTOS COMERCIALIZADOS,Cooler,2021,0,6107943
OUTROS PRODUTOS COMERCIALIZADOS,Coquetel com vinho,2021,0,244184
OUTROS PRODUTOS COMERCIALIZADOS,Destilado de vinho,2021,0,175
OUTROS PRODUTOS COMERCIALIZADOS,Filtrado doce,2021,0,2430821
OUTROS PRODUTOS COMERCIALIZADOS,Jeropiga,2021,0,1763
OUTROS PRODUTOS COMERCIALIZADOS,Mistelas,2021,0,9075
OUTROS PRODUTOS COMERCIALIZADOS,Mosto concentrado,2021,0,0
OUTROS PRODUTOS COMERCIALIZADOS,Mosto de uva,2021,0,803171
OUTROS PRODUTOS COMERCIALIZADOS,Mosto sulfitado,2021,0,0
OUTROS PRODUTOS COMERCIALIZADOS,Nectar de uva,2021,0,4021229
OUTROS PRODUTOS COMERCIALIZADOS,Outros produtos,2021,0,2105686
OUTROS PRODUTOS COMERCIALIZADOS,Polpa de uva,2021,0,1002033
OUTROS PRODUTOS COMERCIALIZADOS,Preparado líquido para refresco,2021,0,23455
OUTROS PRODUTOS COMERCIALIZADOS,Refrigerante +50% suco,2021,0,175954
OUTROS PRODUTOS COMERCIALIZADOS,Sangria,2021,0,17222
OUTROS PRODUTOS COMERCIALIZADOS,Vinagre balsamico,2021,0,332217
OUTROS PRODUTOS COMERCIALIZADOS,Vinagre duplo,2021,0,795060
OUTROS PRODUTOS COMERCIALIZADOS,Vinagre simples,2021,0,5647166
OUTROS PRODUTOS COMERCIALIZADOS,Vinho acetificado,2021,0,1448086
OUTROS PRODUTOS COMERCIALIZADOS,Vinho base para espumantes,2021,0,0
OUTROS PRODUTOS COMERCIALIZADOS,Vinho composto,2021,0,227116
OUTROS PRODUTOS COMERCIALIZADOS,Vinho licoroso,2021,0,376597
OUTROS PRODUTOS COMERCIALIZADOS,Vinho leve,2021,0,0
OUTROS PRODUTOS COMERCIALIZADOS,Vinho gaseificado,2021,0,53495
VINHO  FINO DE MESA,VINHO  FINO DE MESA,2022,0,21533487
VINHO  FINO DE MESA,Tinto,2022,0,15258778
VINHO  FINO DE MESA,Rosado,2022,0,1318396
VINHO  FINO DE MESA,Branco,2022,0,4956314
VINHO FRIZANTE,VINHO FRIZANTE,2022,0,2875864
VINHO ORGÂNICO,VINHO ORGÂNICO,2022,0,14947
VINHO ESPECIAL,VINHO ESPECIAL,2022,0,0
VINHO ESPECIAL,Tinto,2022,0,0
VINHO ESPECIAL,Rosado,2022,0,0
VINHO ESPECIAL,Branco,2022,0,0
ESPUMANTES,ESPUMANTES,2022,0,29525942
ESPUMANTES,Espumante  Moscatel,2022,0,12204315
ESPUMANTES,Espumante,2022,0,17321031
ESPUMANTES,Espumante Orgânico,2022,0,597
SUCO DE UVAS,SUCO DE UVAS,2022,0,157125036
SUCO DE UVAS,Suco Natural Integral,2022,0,115394795
SUCO DE UVAS,Suco Adoçado,2022,0,0
SUCO DE UVAS,Suco Reprocessado/reconstituido,2022,0,35139154
SUCO DE UVAS,Suco Orgânico,2022,0,1002685
SUCO DE UVAS,Outros sucos de uvas,2022,0,5588403
SUCO DE UVAS CONCENTRADO,SUCO DE UVAS CONCENTRADO,2022,0,33632834
OUTROS PRODUTOS COMERCIALIZADOS,OUTROS PRODUTOS COMERCIALIZADOS,2022,0,31704382
OUTROS PRODUTOS COMERCIALIZADOS,Outros vinhos (sem informação detalhada),2022,0,8812
OUTROS PRODUTOS COMERCIALIZADOS,"Agrin (fermentado, acetico misto)",2022,0,0
OUTROS PRODUTOS COMERCIALIZADOS,Aguardente de vinho 50°gl,2022,0,0
OUTROS PRODUTOS COMERCIALIZADOS,Alcool vinico,2022,0,0
OUTROS PRODUTOS COMERCIALIZADOS,Bagaceira (graspa),2022,0,5594
OUTROS PRODUTOS COMERCIALIZADOS,Base champenoise champanha,2022,0,60958
OUTROS PRODUTOS COMERCIALIZADOS,Base charmat champanha,2022,0,226901
OUTROS PRODUTOS COMERCIALIZADOS,Base espumante moscatel,2022,0,720603
OUTROS PRODUTOS COMERCIALIZADOS,Bebida de uva,2022,0,139943
OUTROS PRODUTOS COMERCIALIZADOS,Borra líquida,2022,0,49840
OUTROS PRODUTOS COMERCIALIZADOS,Borra seca,2022,0,122525
OUTROS PRODUTOS COMERCIALIZADOS,Brandy (conhaque),2022,0,4407
OUTROS PRODUTOS COMERCIALIZADOS,Cooler,2022,0,4505384
OUTROS PRODUTOS COMERCIALIZADOS,Coquetel com vinho,2022,0,292420
OUTROS PRODUTOS COMERCIALIZADOS,Destilado de vinho,2022,0,33
OUTROS PRODUTOS COMERCIALIZADOS,Filtrado doce,2022,0,2339403
OUTROS PRODUTOS COMERCIALIZADOS,Jeropiga,2022,0,1392
OUTROS PRODUTOS COMERCIALIZADOS,Mistelas,2022,0,4080
OUTROS PRODUTOS COMERCIALIZADOS,Mosto concentrado,2022,0,0
OUTROS PRODUTOS COMERCIALIZADOS,Mosto de uva,2022,0,1579638
OUTROS PRODUTOS COMERCIALIZADOS,Mosto sulfitado,2022,0,0
OUTROS PRODUTOS COMERCIALIZADOS,Nectar de uva,2022,0,4719055
OUTROS PRODUTOS COMERCIALIZADOS,Outros produtos,2022,0,7406812
OUTROS PRODUTOS COMERCIALIZADOS,Polpa de uva,2022,0,1058011
OUTROS PRODUTOS COMERCIALIZADOS,Preparado líquido para refresco,2022,0,19711
OUTROS PRODUTOS COMERCIALIZADOS,Refrigerante +50% suco,2022,0,265026
OUTROS PRODUTOS COMERCIALIZADOS,Sangria,2022,0,95605
OUTROS PRODUTOS COMERCIALIZADOS,Vinagre balsamico,2022,0,296664
OUTROS PRODUTOS COMERCIALIZADOS,Vinagre duplo,2022,0,987142
OUTROS PRODUTOS COMERCIALIZADOS,Vinagre simples,2022,0,5309881
OUTROS PRODUTOS COMERCIALIZADOS,Vinho acetificado,2022,0,1052563
OUTROS PRODUTOS COMERCIALIZADOS,Vinho base para espumantes,2022,0,0
OUTROS PRODUTOS COMERCIALIZADOS,Vinho composto,2022,0,32000
OUTROS PRODUTOS COMERCIALIZADOS,Vinho licoroso,2022,0,385006
OUTROS PRODUTOS COMERCIALIZADOS,Vinho leve,2022,0,27
OUTROS PRODUTOS COMERCIALIZADOS,Vinho gaseificado,2022,0,14947
VINHO  FINO DE MESA,VINHO  FINO DE MESA,2023,0,18589310
VINHO  FINO DE MESA,Tinto,2023,0,12450606
VINHO  FINO DE MESA,Rosado,2023,0,1214583
VINHO  FINO DE MESA,Branco,2023,0,4924121
VINHO FRIZANTE,VINHO FRIZANTE,2023,0,2843600
VINHO ORGÂNICO,VINHO ORGÂNICO,2023,0,9123
VINHO ESPECIAL,VINHO ESPECIAL,2023,0,0
VINHO ESPECIAL,Tinto,2023,0,0
VINHO ESPECIAL,Rosado,2023,0,0
VINHO ESPECIAL,Branco,2023,0,0
ESPUMANTES,ESPUMANTES,2023,0,29381635
ESPUMANTES,Espumante  Moscatel,2023,0,9771698
ESPUMANTES,Espumante,2023,0,19609379
ESPUMANTES,Espumante Orgânico,2023,0,558
SUCO DE UVAS,SUCO DE UVAS,2023,0,166708720
SUCO DE UVAS,Suco Natural Integral,2023,0,129419407
SUCO DE UVAS,Suco Adoçado,2023,0,128599
SUCO DE UVAS,Suco Reprocessado/reconstituido,2023,0,34402925
SUCO DE UVAS,Suco Orgânico,2023,0,932154
SUCO DE UVAS,Outros sucos de uvas,2023,0,1825635
SUCO DE UVAS CONCENTRADO,SUCO DE UVAS CONCENTRADO,2023,0,37852507
OUTROS PRODUTOS COMERCIALIZADOS,OUTROS PRODUTOS COMERCIALIZADOS,2023,0,29889342
OUTROS PRODUTOS COMERCIALIZADOS,Outros vinhos (sem informação detalhada),2023,0,8152
OUTROS PRODUTOS COMERCIALIZADOS,"Agrin (fermentado, acetico misto)",2023,0,0
OUTROS PRODUTOS COMERCIALIZADOS,Aguardente de vinho 50°gl,2023,0,111
OUTROS PRODUTOS COMERCIALIZADOS,Alcool vinico,2023,0,0
OUTROS PRODUTOS COMERCIALIZADOS,Bagaceira (graspa),2023,0,0
OUTROS PRODUTOS COMERCIALIZADOS,Base champenoise champanha,2023,0,66290
OUTROS PRODUTOS COMERCIALIZADOS,Base charmat champanha,2023,0,184040
OUTROS PRODUTOS COMERCIALIZADOS,Base espumante moscatel,2023,0,722984
OUTROS PRODUTOS COMERCIALIZADOS,Bebida de uva,2023,0,16780
OUTROS PRODUTOS COMERCIALIZADOS,Borra líquida,2023,0,72600
OUTROS PRODUTOS COMERCIALIZADOS,Borra seca,2023,0,53220
OUTROS PRODUTOS COMERCIALIZADOS,Brandy (conhaque),2023,0,4506
OUTROS PRODUTOS COMERCIALIZADOS,Cooler,2023,0,4321881
OUTROS PRODUTOS COMERCIALIZADOS,Coquetel com vinho,2023,0,397156
OUTROS PRODUTOS COMERCIALIZADOS,Destilado de vinho,2023,0,245
OUTROS PRODUTOS COMERCIALIZADOS,Filtrado doce,2023,0,2366601
OUTROS PRODUTOS COMERCIALIZADOS,Jeropiga,2023,0,346
OUTROS PRODUTOS COMERCIALIZADOS,Mistelas,2023,0,1668
OUTROS PRODUTOS COMERCIALIZADOS,Mosto concentrado,2023,0,0
OUTROS PRODUTOS COMERCIALIZADOS,Mosto de uva,2023,0,359626
OUTROS PRODUTOS COMERCIALIZADOS,Mosto sulfitado,2023,0,0
OUTROS PRODUTOS COMERCIALIZADOS,Nectar de uva,2023,0,3604413
OUTROS PRODUTOS COMERCIALIZADOS,Outros produtos,2023,0,7459271
OUTROS PRODUTOS COMERCIALIZADOS,Polpa de uva,2023,0,1331651
OUTROS PRODUTOS COMERCIALIZADOS,Preparado líquido para refresco,2023,0,17178
OUTROS PRODUTOS COMERCIALIZADOS,Refrigerante +50% suco,2023,0,501876
OUTROS PRODUTOS COMERCIALIZADOS,Sangria,2023,0,84157
OUTROS PRODUTOS COMERCIALIZADOS,Vinagre balsamico,2023,0,338926
OUTROS PRODUTOS COMERCIALIZADOS,Vinagre duplo,2023,0,1769130
OUTROS PRODUTOS COMERCIALIZADOS,Vinagre simples,2023,0,5047280
OUTROS PRODUTOS COMERCIALIZADOS,Vinho acetificado,2023,0,194020
OUTROS PRODUTOS COMERCIALIZADOS,Vinho base para espumantes,2023,0,0
OUTROS PRODUTOS COMERCIALIZADOS,Vinho composto,2023,0,981
OUTROS PRODUTOS COMERCIALIZADOS,Vinho licoroso,2023,0,421974
OUTROS PRODUTOS COMERCIALIZADOS,Vinho leve,2023,0,132064
OUTROS PRODUTOS COMERCIALIZADOS,Vinho gaseificado,2023,0,410215
