CATEGORIA,SUBCATEGORIA,Ano,Producao
VINHO DE MESA,VINHO DE MESA,2009,205418206
VINHO DE MESA,Tinto,2009,164143454
VINHO DE MESA,Branco,2009,39211278
VINHO DE MESA,Rosado,2009,2063474
VINHO  FINO DE MESA,VINHO FINO DE MESA (VINIFERA),2009,39900568
VINHO FINO DE MESA,Tinto,2009,18209043
VINHO FINO DE MESA,Branco,2009,21366975
VINHO FINO DE MESA,Rosado,2009,324550
SUCO,SUCO,2009,39715098
SUCO,Suco de uva integral,2009,16034003
SUCO,Suco de uva concentrado,2009,23006457
SUCO,Suco de uva adoçado,2009,674638
SUCO,Suco de uva orgânico,2009,0
SUCO,Suco de uva reconstituído,2009,0
DERIVADOS,DERIVADOS,2009,56787892
DERIVADOS,Espumante,2009,0
DERIVADOS,Espumante moscatel,2009,1190500
DERIVADOS,Base espumante,2009,335850
DERIVADOS,Base espumante moscatel,2009,442150
DERIVADOS,Base Champenoise champanha,2009,0
DERIVADOS,Base Charmat champanha,2009,0
DERIVADOS,Bebida de uva,2009,420
DERIVADOS,Polpa de uva,2009,1352417
DERIVADOS,Mosto simples,2009,53418555
DERIVADOS,Mosto concentrado,2009,0
DERIVADOS,Mosto de uva com bagaço,2009,0
DERIVADOS,Mosto dessulfitado,2009,0
DERIVADOS,Mistelas,2009,3500
DERIVADOS,Néctar de uva,2009,0
DERIVADOS,Licorosos,2009,38000
DERIVADOS,Compostos,2009,0
DERIVADOS,Jeropiga,2009,0
DERIVADOS,Filtrado,2009,0
DERIVADOS,Frisante,2009,0
DERIVADOS,Vinho leve,2009,0
DERIVADOS,Vinho licoroso,2009,0
DERIVADOS,Brandy,2009,0
DERIVADOS,Destilado,2009,0
DERIVADOS,Bagaceira,2009,6500
DERIVADOS,Licor de bagaceira,2009,0
DERIVADOS,Vinagre,2009,0
DERIVADOS,Borra líquida,2009,0
DERIVADOS,Borra seca,2009,0
DERIVADOS,Vinho Composto,2009,0
DERIVADOS,Pisco,2009,0
DERIVADOS,Vinho orgânico,2009,0
DERIVADOS,Espumante orgânico,2009,0
DERIVADOS,Destilado alcoólico simples de bagaceira,2009,0
DERIVADOS,Vinho acidificado,2009,0
DERIVADOS,Mosto parcialmente fermentado,2009,0
DERIVADOS,Outros derivados,2009,0
VINHO DE MESA,VINHO DE MESA,2010,195267980
VINHO DE MESA,Tinto,2010,157290088
VINHO DE MESA,Branco,2010,35408083
VINHO DE MESA,Rosado,2010,2569809
VINHO  FINO DE MESA,VINHO FINO DE MESA (VINIFERA),2010,24805713
VINHO FINO DE MESA,Tinto,2010,11401406
VINHO FINO DE MESA,Branco,2010,13013027
VINHO FINO DE MESA,Rosado,2010,391280
SUCO,SUCO,2010,50125944
SUCO,Suco de uva integral,2010,26887259
SUCO,Suco de uva concentrado,2010,23238685
SUCO,Suco de uva adoçado,2010,0
SUCO,Suco de uva orgânico,2010,0
SUCO,Suco de uva reconstituído,2010,0
DERIVADOS,DERIVADOS,2010,51210756
DERIVADOS,Espumante,2010,10125
DERIVADOS,Espumante moscatel,2010,703393
DERIVADOS,Base espumante,2010,0
DERIVADOS,Base espumante moscatel,2010,1144508
DERIVADOS,Base Champenoise champanha,2010,92082
DERIVADOS,Base Charmat champanha,2010,254000
DERIVADOS,Bebida de uva,2010,7900
DERIVADOS,Polpa de uva,2010,1951606
DERIVADOS,Mosto simples,2010,45912040
DERIVADOS,Mosto concentrado,2010,0
DERIVADOS,Mosto de uva com bagaço,2010,0
DERIVADOS,Mosto dessulfitado,2010,0
DERIVADOS,Mistelas,2010,0
DERIVADOS,Néctar de uva,2010,0
DERIVADOS,Licorosos,2010,0
DERIVADOS,Compostos,2010,0
DERIVADOS,Jeropiga,2010,69000
DERIVADOS,Filtrado,2010,0
DERIVADOS,Frisante,2010,831000
DERIVADOS,Vinho leve,2010,0
DERIVADOS,Vinho licoroso,2010,15000
DERIVADOS,Brandy,2010,0
DERIVADOS,Destilado,2010,0
DERIVADOS,Bagaceira,2010,0
DERIVADOS,Licor de bagaceira,2010,0
DERIVADOS,Vinagre,2010,5817
DERIVADOS,Borra líquida,2010,64304
DERIVADOS,Borra seca,2010,149981
DERIVADOS,Vinho Composto,2010,0
DERIVADOS,Pisco,2010,0
DERIVADOS,Vinho orgânico,2010,0
DERIVADOS,Espumante orgânico,2010,0
DERIVADOS,Destilado alcoólico simples de bagaceira,2010,0
DERIVADOS,Vinho acidificado,2010,0
DERIVADOS,Mosto parcialmente fermentado,2010,0
DERIVADOS,Outros derivados,2010,0
VINHO DE MESA,VINHO DE MESA,2011,257840749
VINHO DE MESA,Tinto,2011,210113358
VINHO DE MESA,Branco,2011,46007504
VINHO DE MESA,Rosado,2011,1719887
VINHO  FINO DE MESA,VINHO FINO DE MESA (VINIFERA),2011,47598471
VINHO FINO DE MESA,Tinto,2011,24104740
VINHO FINO DE MESA,Branco,2011,22739426
VINHO FINO DE MESA,Rosado,2011,754305
SUCO,SUCO,2011,69364324
SUCO,Suco de uva integral,2011,39487800
SUCO,Suco de uva concentrado,2011,29564324
SUCO,Suco de uva adoçado,2011,312200
SUCO,Suco de uva orgânico,2011,0
SUCO,Suco de uva reconstituído,2011,0
DERIVADOS,DERIVADOS,2011,85748723
DERIVADOS,Espumante,2011,26361
DERIVADOS,Espumante moscatel,2011,219100
DERIVADOS,Base espumante,2011,0
DERIVADOS,Base espumante moscatel,2011,2749540
DERIVADOS,Base Champenoise champanha,2011,74746
DERIVADOS,Base Charmat champanha,2011,865858
DERIVADOS,Bebida de uva,2011,0
DERIVADOS,Polpa de uva,2011,2480120
DERIVADOS,Mosto simples,2011,77285998
DERIVADOS,Mosto concentrado,2011,0
DERIVADOS,Mosto de uva com bagaço,2011,1037600
DERIVADOS,Mosto dessulfitado,2011,0
DERIVADOS,Mistelas,2011,0
DERIVADOS,Néctar de uva,2011,0
DERIVADOS,Licorosos,2011,0
DERIVADOS,Compostos,2011,0
DERIVADOS,Jeropiga,2011,0
DERIVADOS,Filtrado,2011,0
DERIVADOS,Frisante,2011,1003800
DERIVADOS,Vinho leve,2011,0
DERIVADOS,Vinho licoroso,2011,0
DERIVADOS,Brandy,2011,0
DERIVADOS,Destilado,2011,0
DERIVADOS,Bagaceira,2011,0
DERIVADOS,Licor de bagaceira,2011,0
DERIVADOS,Vinagre,2011,0
DERIVADOS,Borra líquida,2011,0
DERIVADOS,Borra seca,2011,0
DERIVADOS,Vinho Composto,2011,0
DERIVADOS,Pisco,2011,0
DERIVADOS,Vinho orgânico,2011,5600
DERIVADOS,Espumante orgânico,2011,0
DERIVADOS,Destilado alcoólico simples de bagaceira,2011,0
DERIVADOS,Vinho acidificado,2011,0
DERIVADOS,Mosto parcialmente fermentado,2011,0
DERIVADOS,Outros derivados,2011,0
VINHO DE MESA,VINHO DE MESA,2012,212777037
VINHO DE MESA,Tinto,2012,175875432
VINHO DE MESA,Branco,2012,34938249
VINHO DE MESA,Rosado,2012,1963356
VINHO  FINO DE MESA,VINHO FINO DE MESA (VINIFERA),2012,45200730
VINHO FINO DE MESA,Tinto,2012,24027589
VINHO FINO DE MESA,Branco,2012,20647238
VINHO FINO DE MESA,Rosado,2012,525903
SUCO,SUCO,2012,70066732
SUCO,Suco de uva integral,2012,31908829
SUCO,Suco de uva concentrado,2012,37624855
SUCO,Suco de uva adoçado,2012,533048
SUCO,Suco de uva orgânico,2012,0
SUCO,Suco de uva reconstituído,2012,0
DERIVADOS,DERIVADOS,2012,100757101
DERIVADOS,Espumante,2012,17200
DERIVADOS,Espumante moscatel,2012,139775
DERIVADOS,Base espumante,2012,0
DERIVADOS,Base espumante moscatel,2012,2798908
DERIVADOS,Base Champenoise champanha,2012,369278
DERIVADOS,Base Charmat champanha,2012,479625
DERIVADOS,Bebida de uva,2012,0
DERIVADOS,Polpa de uva,2012,2797665
DERIVADOS,Mosto simples,2012,93341575
DERIVADOS,Mosto concentrado,2012,0
DERIVADOS,Mosto de uva com bagaço,2012,0
DERIVADOS,Mosto dessulfitado,2012,0
DERIVADOS,Mistelas,2012,200
DERIVADOS,Néctar de uva,2012,0
DERIVADOS,Licorosos,2012,26775
DERIVADOS,Compostos,2012,7600
DERIVADOS,Jeropiga,2012,0
DERIVADOS,Filtrado,2012,0
DERIVADOS,Frisante,2012,778500
DERIVADOS,Vinho leve,2012,0
DERIVADOS,Vinho licoroso,2012,0
DERIVADOS,Brandy,2012,0
DERIVADOS,Destilado,2012,0
DERIVADOS,Bagaceira,2012,0
DERIVADOS,Licor de bagaceira,2012,0
DERIVADOS,Vinagre,2012,0
DERIVADOS,Borra líquida,2012,0
DERIVADOS,Borra seca,2012,0
DERIVADOS,Vinho Composto,2012,0
DERIVADOS,Pisco,2012,0
DERIVADOS,Vinho orgânico,2012,0
DERIVADOS,Espumante orgânico,2012,0
DERIVADOS,Destilado alcoólico simples de bagaceira,2012,0
DERIVADOS,Vinho acidificado,2012,0
DERIVADOS,Mosto parcialmente fermentado,2012,0
DERIVADOS,Outros derivados,2012,0
VINHO DE MESA,VINHO DE MESA,2013,196904222
VINHO DE MESA,Tinto,2013,163111797
VINHO DE MESA,Branco,2013,32066403
VINHO DE MESA,Rosado,2013,1726022
VINHO  FINO DE MESA,VINHO FINO DE MESA (VINIFERA),2013,45782530
VINHO FINO DE MESA,Tinto,2013,23156458
VINHO FINO DE MESA,Branco,2013,21906349
VINHO FINO DE MESA,Rosado,2013,719723
SUCO,SUCO,2013,64879790
SUCO,Suco de uva integral,2013,33673396
SUCO,Suco de uva concentrado,2013,31206394
SUCO,Suco de uva adoçado,2013,0
SUCO,Suco de uva orgânico,2013,0
SUCO,Suco de uva reconstituído,2013,0
DERIVADOS,DERIVADOS,2013,64072127
DERIVADOS,Espumante,2013,30275
DERIVADOS,Espumante moscatel,2013,159781
DERIVADOS,Base espumante,2013,0
DERIVADOS,Base espumante moscatel,2013,1470700
DERIVADOS,Base Champenoise champanha,2013,359617
DERIVADOS,Base Charmat champanha,2013,624728
DERIVADOS,Bebida de uva,2013,4260
DERIVADOS,Polpa de uva,2013,1742152
DERIVADOS,Mosto simples,2013,58517506
DERIVADOS,Mosto concentrado,2013,0
DERIVADOS,Mosto de uva com bagaço,2013,0
DERIVADOS,Mosto dessulfitado,2013,0
DERIVADOS,Mistelas,2013,2500
DERIVADOS,Néctar de uva,2013,10000
DERIVADOS,Licorosos,2013,0
DERIVADOS,Compostos,2013,0
DERIVADOS,Jeropiga,2013,0
DERIVADOS,Filtrado,2013,0
DERIVADOS,Frisante,2013,1009000
DERIVADOS,Vinho leve,2013,0
DERIVADOS,Vinho licoroso,2013,100
DERIVADOS,Brandy,2013,0
DERIVADOS,Destilado,2013,0
DERIVADOS,Bagaceira,2013,0
DERIVADOS,Licor de bagaceira,2013,0
DERIVADOS,Vinagre,2013,0
DERIVADOS,Borra líquida,2013,63111
DERIVADOS,Borra seca,2013,78397
DERIVADOS,Vinho Composto,2013,0
DERIVADOS,Pisco,2013,0
DERIVADOS,Vinho orgânico,2013,0
DERIVADOS,Espumante orgânico,2013,0
DERIVADOS,Destilado alcoólico simples de bagaceira,2013,0
DERIVADOS,Vinho acidificado,2013,0
DERIVADOS,Mosto parcialmente fermentado,2013,0
DERIVADOS,Outros derivados,2013,0
VINHO DE MESA,VINHO DE MESA,2014,196173123
VINHO DE MESA,Tinto,2014,157776363
VINHO DE MESA,Branco,2014,37438069
VINHO DE MESA,Rosado,2014,958691
VINHO  FINO DE MESA,VINHO FINO DE MESA (VINIFERA),2014,38464314
VINHO FINO DE MESA,Tinto,2014,17208996
VINHO FINO DE MESA,Branco,2014,20054804
VINHO FINO DE MESA,Rosado,2014,1200514
SUCO,SUCO,2014,76723537
SUCO,Suco de uva integral,2014,43331223
SUCO,Suco de uva concentrado,2014,33392314
SUCO,Suco de uva adoçado,2014,0
SUCO,Suco de uva orgânico,2014,0
SUCO,Suco de uva reconstituído,2014,0
DERIVADOS,DERIVADOS,2014,62907281
DERIVADOS,Espumante,2014,2700
DERIVADOS,Espumante moscatel,2014,100000
DERIVADOS,Base espumante,2014,0
DERIVADOS,Base espumante moscatel,2014,1808044
DERIVADOS,Base Champenoise champanha,2014,234725
DERIVADOS,Base Charmat champanha,2014,376968
DERIVADOS,Bebida de uva,2014,3860
DERIVADOS,Polpa de uva,2014,2484000
DERIVADOS,Mosto simples,2014,57582195
DERIVADOS,Mosto concentrado,2014,0
DERIVADOS,Mosto de uva com bagaço,2014,0
DERIVADOS,Mosto dessulfitado,2014,0
DERIVADOS,Mistelas,2014,1000
DERIVADOS,Néctar de uva,2014,1140
DERIVADOS,Licorosos,2014,0
DERIVADOS,Compostos,2014,0
DERIVADOS,Jeropiga,2014,0
DERIVADOS,Filtrado,2014,0
DERIVADOS,Frisante,2014,26069
DERIVADOS,Vinho leve,2014,0
DERIVADOS,Vinho licoroso,2014,36000
DERIVADOS,Brandy,2014,0
DERIVADOS,Destilado,2014,0
DERIVADOS,Bagaceira,2014,0
DERIVADOS,Licor de bagaceira,2014,0
DERIVADOS,Vinagre,2014,53776
DERIVADOS,Borra líquida,2014,50954
DERIVADOS,Borra seca,2014,142850
DERIVADOS,Vinho Composto,2014,3000
DERIVADOS,Pisco,2014,0
DERIVADOS,Vinho orgânico,2014,0
DERIVADOS,Espumante orgânico,2014,0
DERIVADOS,Destilado alcoólico simples de bagaceira,2014,0
DERIVADOS,Vinho acidificado,2014,0
DERIVADOS,Mosto parcialmente fermentado,2014,0
DERIVADOS,Outros derivados,2014,0
VINHO DE MESA,VINHO DE MESA,2015,210308560
VINHO DE MESA,Tinto,2015,169811472
VINHO DE MESA,Branco,2015,39557250
VINHO DE MESA,Rosado,2015,939838
VINHO  FINO DE MESA,VINHO FINO DE MESA (VINIFERA),2015,37148982
VINHO FINO DE MESA,Tinto,2015,16745896
VINHO FINO DE MESA,Branco,2015,19561966
VINHO FINO DE MESA,Rosado,2015,841120
SUCO,SUCO,2015,87894468
SUCO,Suco de uva integral,2015,52233155
SUCO,Suco de uva concentrado,2015,35661313
SUCO,Suco de uva adoçado,2015,0
SUCO,Suco de uva orgânico,2015,0
SUCO,Suco de uva reconstituído,2015,0
DERIVADOS,DERIVADOS,2015,107349704
DERIVADOS,Espumante,2015,23750
DERIVADOS,Espumante moscatel,2015,110100
DERIVADOS,Base espumante,2015,0
DERIVADOS,Base espumante moscatel,2015,1607727
DERIVADOS,Base Champenoise champanha,2015,605001
DERIVADOS,Base Charmat champanha,2015,1466259
DERIVADOS,Bebida de uva,2015,922
DERIVADOS,Polpa de uva,2015,2371140
DERIVADOS,Mosto simples,2015,100911592
DERIVADOS,Mosto concentrado,2015,0
DERIVADOS,Mosto de uva com bagaço,2015,0
DERIVADOS,Mosto dessulfitado,2015,0
DERIVADOS,Mistelas,2015,0
DERIVADOS,Néctar de uva,2015,1000
DERIVADOS,Licorosos,2015,0
DERIVADOS,Compostos,2015,0
DERIVADOS,Jeropiga,2015,0
DERIVADOS,Filtrado,2015,0
DERIVADOS,Frisante,2015,0
DERIVADOS,Vinho leve,2015,0
DERIVADOS,Vinho licoroso,2015,56000
DERIVADOS,Brandy,2015,0
DERIVADOS,Destilado,2015,0
DERIVADOS,Bagaceira,2015,1350
DERIVADOS,Licor de bagaceira,2015,0
DERIVADOS,Vinagre,2015,25800
DERIVADOS,Borra líquida,2015,48833
DERIVADOS,Borra seca,2015,120230
DERIVADOS,Vinho Composto,2015,0
DERIVADOS,Pisco,2015,0
DERIVADOS,Vinho orgânico,2015,0
DERIVADOS,Espumante orgânico,2015,0
DERIVADOS,Destilado alcoólico simples de bagaceira,2015,0
DERIVADOS,Vinho acidificado,2015,0
DERIVADOS,Mosto parcialmente fermentado,2015,0
DERIVADOS,Outros derivados,2015,0
VINHO DE MESA,VINHO DE MESA,2016,86319015
VINHO DE MESA,Tinto,2016,75279191
VINHO DE MESA,Branco,2016,10727099
VINHO DE MESA,Rosado,2016,312725
VINHO  FINO DE MESA,VINHO FINO DE MESA (VINIFERA),2016,18070626
VINHO FINO DE MESA,Tinto,2016,8774847
VINHO FINO DE MESA,Branco,2016,8705066
VINHO FINO DE MESA,Rosado,2016,590713
SUCO,SUCO,2016,42210389
SUCO,Suco de uva integral,2016,31117869
SUCO,Suco de uva concentrado,2016,11092520
SUCO,Suco de uva adoçado,2016,0
SUCO,Suco de uva orgânico,2016,0
SUCO,Suco de uva reconstituído,2016,0
DERIVADOS,DERIVADOS,2016,53950314
DERIVADOS,Espumante,2016,1500
DERIVADOS,Espumante moscatel,2016,100000
DERIVADOS,Base espumante,2016,0
DERIVADOS,Base espumante moscatel,2016,1325700
DERIVADOS,Base Champenoise champanha,2016,740395
DERIVADOS,Base Charmat champanha,2016,250280
DERIVADOS,Bebida de uva,2016,3474
DERIVADOS,Polpa de uva,2016,1620430
DERIVADOS,Mosto simples,2016,49770993
DERIVADOS,Mosto concentrado,2016,0
DERIVADOS,Mosto de uva com bagaço,2016,0
DERIVADOS,Mosto dessulfitado,2016,0
DERIVADOS,Mistelas,2016,0
DERIVADOS,Néctar de uva,2016,0
DERIVADOS,Licorosos,2016,0
DERIVADOS,Compostos,2016,0
DERIVADOS,Jeropiga,2016,0
DERIVADOS,Filtrado,2016,0
DERIVADOS,Frisante,2016,0
DERIVADOS,Vinho leve,2016,0
DERIVADOS,Vinho licoroso,2016,24200
DERIVADOS,Brandy,2016,0
DERIVADOS,Destilado,2016,0
DERIVADOS,Bagaceira,2016,1000
DERIVADOS,Licor de bagaceira,2016,0
DERIVADOS,Vinagre,2016,5000
DERIVADOS,Borra líquida,2016,24975
DERIVADOS,Borra seca,2016,82367
DERIVADOS,Vinho Composto,2016,0
DERIVADOS,Pisco,2016,0
DERIVADOS,Vinho orgânico,2016,0
DERIVADOS,Espumante orgânico,2016,0
DERIVADOS,Destilado alcoólico simples de bagaceira,2016,0
DERIVADOS,Vinho acidificado,2016,0
DERIVADOS,Mosto parcialmente fermentado,2016,0
DERIVADOS,Outros derivados,2016,0
VINHO DE MESA,VINHO DE MESA,2017,255015187
VINHO DE MESA,Tinto,2017,1365957
VINHO DE MESA,Branco,2017,217527985
VINHO DE MESA,Rosado,2017,36121245
VINHO  FINO DE MESA,VINHO FINO DE MESA (VINIFERA),2017,44537870
VINHO FINO DE MESA,Tinto,2017,21442212
VINHO FINO DE MESA,Branco,2017,21928400
VINHO FINO DE MESA,Rosado,2017,1167258
SUCO,SUCO,2017,77161971
SUCO,Suco de uva integral,2017,46865626
SUCO,Suco de uva concentrado,2017,30059271
SUCO,Suco de uva adoçado,2017,177774
SUCO,Suco de uva orgânico,2017,0
SUCO,Suco de uva reconstituído,2017,59300
DERIVADOS,DERIVADOS,2017,109116761
DERIVADOS,Espumante,2017,11280
DERIVADOS,Espumante moscatel,2017,152375
DERIVADOS,Base espumante,2017,0
DERIVADOS,Base espumante moscatel,2017,1965629
DERIVADOS,Base Champenoise champanha,2017,1552403
DERIVADOS,Base Charmat champanha,2017,893364
DERIVADOS,Bebida de uva,2017,0
DERIVADOS,Polpa de uva,2017,2507125
DERIVADOS,Mosto simples,2017,101010116
DERIVADOS,Mosto concentrado,2017,0
DERIVADOS,Mosto de uva com bagaço,2017,772110
DERIVADOS,Mosto dessulfitado,2017,0
DERIVADOS,Mistelas,2017,1500
DERIVADOS,Néctar de uva,2017,3000
DERIVADOS,Licorosos,2017,110820
DERIVADOS,Compostos,2017,0
DERIVADOS,Jeropiga,2017,0
DERIVADOS,Filtrado,2017,0
DERIVADOS,Frisante,2017,0
DERIVADOS,Vinho leve,2017,0
DERIVADOS,Vinho licoroso,2017,110820
DERIVADOS,Brandy,2017,0
DERIVADOS,Destilado,2017,0
DERIVADOS,Bagaceira,2017,900
DERIVADOS,Licor de bagaceira,2017,0
DERIVADOS,Vinagre,2017,25319
DERIVADOS,Borra líquida,2017,0
DERIVADOS,Borra seca,2017,0
DERIVADOS,Vinho Composto,2017,0
DERIVADOS,Pisco,2017,0
DERIVADOS,Vinho orgânico,2017,0
DERIVADOS,Espumante orgânico,2017,0
DERIVADOS,Destilado alcoólico simples de bagaceira,2017,0
DERIVADOS,Vinho acidificado,2017,0
DERIVADOS,Mosto parcialmente fermentado,2017,0
DERIVADOS,Outros derivados,2017,0
VINHO DE MESA,VINHO DE MESA,2018,218375636
VINHO DE MESA,Tinto,2018,188270142
VINHO DE MESA,Branco,2018,29229970
VINHO DE MESA,Rosado,2018,875524
VINHO  FINO DE MESA,VINHO FINO DE MESA (VINIFERA),2018,38707220
VINHO FINO DE MESA,Tinto,2018,19118254
VINHO FINO DE MESA,Branco,2018,18297257
VINHO FINO DE MESA,Rosado,2018,1291709
SUCO,SUCO,2018,65467906
SUCO,Suco de uva integral,2018,34367996
SUCO,Suco de uva concentrado,2018,31099910
SUCO,Suco de uva adoçado,2018,0
SUCO,Suco de uva orgânico,2018,0
SUCO,Suco de uva reconstituído,2018,0
DERIVADOS,DERIVADOS,2018,95202101
DERIVADOS,Espumante,2018,68500
DERIVADOS,Espumante moscatel,2018,326200
DERIVADOS,Base espumante,2018,0
DERIVADOS,Base espumante moscatel,2018,1320650
DERIVADOS,Base Champenoise champanha,2018,228518
DERIVADOS,Base Charmat champanha,2018,1746540
DERIVADOS,Bebida de uva,2018,0
DERIVADOS,Polpa de uva,2018,2112683
DERIVADOS,Mosto simples,2018,88910980
DERIVADOS,Mosto concentrado,2018,0
DERIVADOS,Mosto de uva com bagaço,2018,0
DERIVADOS,Mosto dessulfitado,2018,0
DERIVADOS,Mistelas,2018,2000
DERIVADOS,Néctar de uva,2018,0
DERIVADOS,Licorosos,2018,0
DERIVADOS,Compostos,2018,0
DERIVADOS,Jeropiga,2018,0
DERIVADOS,Filtrado,2018,0
DERIVADOS,Frisante,2018,0
DERIVADOS,Vinho leve,2018,8000
DERIVADOS,Vinho licoroso,2018,124303
DERIVADOS,Brandy,2018,0
DERIVADOS,Destilado,2018,680
DERIVADOS,Bagaceira,2018,2100
DERIVADOS,Licor de bagaceira,2018,0
DERIVADOS,Vinagre,2018,25367
DERIVADOS,Borra líquida,2018,255100
DERIVADOS,Borra seca,2018,70480
DERIVADOS,Vinho Composto,2018,0
DERIVADOS,Pisco,2018,0
DERIVADOS,Vinho orgânico,2018,0
DERIVADOS,Espumante orgânico,2018,0
DERIVADOS,Destilado alcoólico simples de bagaceira,2018,0
DERIVADOS,Vinho acidificado,2018,0
DERIVADOS,Mosto parcialmente fermentado,2018,0
DERIVADOS,Outros derivados,2018,0
VINHO DE MESA,VINHO DE MESA,2019,144629737
VINHO DE MESA,Tinto,2019,121045115
VINHO DE MESA,Branco,2019,22032828
VINHO DE MESA,Rosado,2019,1551794
VINHO  FINO DE MESA,VINHO FINO DE MESA (VINIFERA),2019,37615422
VINHO FINO DE MESA,Tinto,2019,17389377
VINHO FINO DE MESA,Branco,2019,18193055
VINHO FINO DE MESA,Rosado,2019,2032990
SUCO,SUCO,2019,77805352
SUCO,Suco de uva integral,2019,50239767
SUCO,Suco de uva concentrado,2019,26861009
SUCO,Suco de uva adoçado,2019,120320
SUCO,Suco de uva orgânico,2019,0
SUCO,Suco de uva reconstituído,2019,584256
DERIVADOS,DERIVADOS,2019,142888747
DERIVADOS,Espumante,2019,52176
DERIVADOS,Espumante moscatel,2019,515800
DERIVADOS,Base espumante,2019,0
DERIVADOS,Base espumante moscatel,2019,1962443
DERIVADOS,Base Champenoise champanha,2019,274903
DERIVADOS,Base Charmat champanha,2019,1188095
DERIVADOS,Bebida de uva,2019,0
DERIVADOS,Polpa de uva,2019,1480269
DERIVADOS,Mosto simples,2019,135614344
DERIVADOS,Mosto concentrado,2019,0
DERIVADOS,Mosto de uva com bagaço,2019,645816
DERIVADOS,Mosto dessulfitado,2019,1000
DERIVADOS,Mistelas,2019,3000
DERIVADOS,Néctar de uva,2019,32519
DERIVADOS,Licorosos,2019,0
DERIVADOS,Compostos,2019,0
DERIVADOS,Jeropiga,2019,0
DERIVADOS,Filtrado,2019,0
DERIVADOS,Frisante,2019,0
DERIVADOS,Vinho leve,2019,0
DERIVADOS,Vinho licoroso,2019,99485
DERIVADOS,Brandy,2019,0
DERIVADOS,Destilado,2019,0
DERIVADOS,Bagaceira,2019,10495
DERIVADOS,Licor de bagaceira,2019,1507
DERIVADOS,Vinagre,2019,76096
DERIVADOS,Borra líquida,2019,901431
DERIVADOS,Borra seca,2019,25996
DERIVADOS,Vinho Composto,2019,0
DERIVADOS,Pisco,2019,3372
DERIVADOS,Vinho orgânico,2019,0
DERIVADOS,Espumante orgânico,2019,0
DERIVADOS,Destilado alcoólico simples de bagaceira,2019,0
DERIVADOS,Vinho acidificado,2019,0
DERIVADOS,Mosto parcialmente fermentado,2019,0
DERIVADOS,Outros derivados,2019,0
VINHO DE MESA,VINHO DE MESA,2020,124200414
VINHO DE MESA,Tinto,2020,103916391
VINHO DE MESA,Branco,2020,19568734
VINHO DE MESA,Rosado,2020,715289
VINHO  FINO DE MESA,VINHO FINO DE MESA (VINIFERA),2020,32516686
VINHO FINO DE MESA,Tinto,2020,15451883
VINHO FINO DE MESA,Branco,2020,15487915
VINHO FINO DE MESA,Rosado,2020,1576888
SUCO,SUCO,2020,69261287
SUCO,Suco de uva integral,2020,40718523
SUCO,Suco de uva concentrado,2020,27963865
SUCO,Suco de uva adoçado,2020,107289
SUCO,Suco de uva orgânico,2020,471610
SUCO,Suco de uva reconstituído,2020,0
DERIVADOS,DERIVADOS,2020,92533804
DERIVADOS,Espumante,2020,32399
DERIVADOS,Espumante moscatel,2020,689139
DERIVADOS,Base espumante,2020,0
DERIVADOS,Base espumante moscatel,2020,3006705
DERIVADOS,Base Champenoise champanha,2020,200777
DERIVADOS,Base Charmat champanha,2020,2487939
DERIVADOS,Bebida de uva,2020,0
DERIVADOS,Polpa de uva,2020,1803472
DERIVADOS,Mosto simples,2020,80355474
DERIVADOS,Mosto concentrado,2020,0
DERIVADOS,Mosto de uva com bagaço,2020,3078256
DERIVADOS,Mosto dessulfitado,2020,5000
DERIVADOS,Mistelas,2020,0
DERIVADOS,Néctar de uva,2020,46000
DERIVADOS,Licorosos,2020,0
DERIVADOS,Compostos,2020,0
DERIVADOS,Jeropiga,2020,2000
DERIVADOS,Filtrado,2020,0
DERIVADOS,Frisante,2020,0
DERIVADOS,Vinho leve,2020,0
DERIVADOS,Vinho licoroso,2020,48678
DERIVADOS,Brandy,2020,0
DERIVADOS,Destilado,2020,0
DERIVADOS,Bagaceira,2020,0
DERIVADOS,Licor de bagaceira,2020,5800
DERIVADOS,Vinagre,2020,10000
DERIVADOS,Borra líquida,2020,509378
DERIVADOS,Borra seca,2020,167587
DERIVADOS,Vinho Composto,2020,0
DERIVADOS,Pisco,2020,1000
DERIVADOS,Vinho orgânico,2020,18700
DERIVADOS,Espumante orgânico,2020,0
DERIVADOS,Destilado alcoólico simples de bagaceira,2020,500
DERIVADOS,Vinho acidificado,2020,65000
DERIVADOS,Mosto parcialmente fermentado,2020,0
DERIVADOS,Outros derivados,2020,0
VINHO DE MESA,VINHO DE MESA,2021,173899995
VINHO DE MESA,Tinto,2021,146075996
VINHO DE MESA,Branco,2021,26432799
VINHO DE MESA,Rosado,2021,1391200
VINHO  FINO DE MESA,VINHO FINO DE MESA (VINIFERA),2021,43474998
VINHO FINO DE MESA,Tinto,2021,20433249
VINHO FINO DE MESA,Branco,2021,20867999
VINHO FINO DE MESA,Rosado,2021,2173750
SUCO,SUCO,2021,100932264
SUCO,Suco de uva integral,2021,68038479
SUCO,Suco de uva concentrado,2021,32131218
SUCO,Suco de uva adoçado,2021,40450
SUCO,Suco de uva orgânico,2021,722117
SUCO,Suco de uva reconstituído,2021,0
DERIVADOS,DERIVADOS,2021,169031493
DERIVADOS,Espumante,2021,70091
DERIVADOS,Espumante moscatel,2021,11950
DERIVADOS,Base espumante,2021,5475049
DERIVADOS,Base espumante moscatel,2021,5549471
DERIVADOS,Base Champenoise champanha,2021,0
DERIVADOS,Base Charmat champanha,2021,0
DERIVADOS,Bebida de uva,2021,2000
DERIVADOS,Polpa de uva,2021,1180578
DERIVADOS,Mosto simples,2021,153579926
DERIVADOS,Mosto concentrado,2021,0
DERIVADOS,Mosto de uva com bagaço,2021,618764
DERIVADOS,Mosto dessulfitado,2021,1532000
DERIVADOS,Mistelas,2021,2500
DERIVADOS,Néctar de uva,2021,18187
DERIVADOS,Licorosos,2021,0
DERIVADOS,Compostos,2021,0
DERIVADOS,Jeropiga,2021,3540
DERIVADOS,Filtrado,2021,0
DERIVADOS,Frisante,2021,1390
DERIVADOS,Vinho leve,2021,0
DERIVADOS,Vinho licoroso,2021,30000
DERIVADOS,Brandy,2021,120
DERIVADOS,Destilado,2021,0
DERIVADOS,Bagaceira,2021,12060
DERIVADOS,Licor de bagaceira,2021,0
DERIVADOS,Vinagre,2021,7500
DERIVADOS,Borra líquida,2021,116450
DERIVADOS,Borra seca,2021,16789
DERIVADOS,Vinho Composto,2021,160000
DERIVADOS,Pisco,2021,0
DERIVADOS,Vinho orgânico,2021,93884
DERIVADOS,Espumante orgânico,2021,2412
DERIVADOS,Destilado alcoólico simples de bagaceira,2021,3000
DERIVADOS,Vinho acidificado,2021,0
DERIVADOS,Mosto parcialmente fermentado,2021,543510
DERIVADOS,Outros derivados,2021,322
VINHO DE MESA,VINHO DE MESA,2022,195031611
VINHO DE MESA,Tinto,2022,162844214
VINHO DE MESA,Branco,2022,30198430
VINHO DE MESA,Rosado,2022,1988968
VINHO  FINO DE MESA,VINHO FINO DE MESA (VINIFERA),2022,47511796
VINHO FINO DE MESA,Tinto,2022,24417918
VINHO FINO DE MESA,Branco,2022,20896613
VINHO FINO DE MESA,Rosado,2022,2197265
SUCO,SUCO,2022,65809079
SUCO,Suco de uva integral,2022,35248305
SUCO,Suco de uva concentrado,2022,29892550
SUCO,Suco de uva adoçado,2022,79130
SUCO,Suco de uva orgânico,2022,589094
SUCO,Suco de uva reconstituído,2022,0
DERIVADOS,DERIVADOS,2022,138501226
DERIVADOS,Espumante,2022,70759
DERIVADOS,Espumante moscatel,2022,27200
DERIVADOS,Base espumante,2022,0
DERIVADOS,Base espumante moscatel,2022,6308043
DERIVADOS,Base Champenoise champanha,2022,1146717
DERIVADOS,Base Charmat champanha,2022,4078766
DERIVADOS,Bebida de uva,2022,0
DERIVADOS,Polpa de uva,2022,387886
DERIVADOS,Mosto simples,2022,126048241
DERIVADOS,Mosto concentrado,2022,0
DERIVADOS,Mosto de uva com bagaço,2022,0
DERIVADOS,Mosto dessulfitado,2022,0
DERIVADOS,Mistelas,2022,0
DERIVADOS,Néctar de uva,2022,0
DERIVADOS,Licorosos,2022,0
DERIVADOS,Compostos,2022,0
DERIVADOS,Jeropiga,2022,5000
DERIVADOS,Filtrado,2022,0
DERIVADOS,Frisante,2022,0
DERIVADOS,Vinho leve,2022,0
DERIVADOS,Vinho licoroso,2022,67000
DERIVADOS,Brandy,2022,0
DERIVADOS,Destilado,2022,0
DERIVADOS,Bagaceira,2022,4998
DERIVADOS,Licor de bagaceira,2022,0
DERIVADOS,Vinagre,2022,16200
DERIVADOS,Borra líquida,2022,0
DERIVADOS,Borra seca,2022,0
DERIVADOS,Vinho Composto,2022,0
DERIVADOS,Pisco,2022,0
DERIVADOS,Vinho orgânico,2022,88890
DERIVADOS,Espumante orgânico,2022,0
DERIVADOS,Destilado alcoólico simples de bagaceira,2022,4300
DERIVADOS,Vinho acidificado,2022,0
DERIVADOS,Mosto parcialmente fermentado,2022,0
DERIVADOS,Outros derivados,2022,247228
VINHO DE MESA,VINHO DE MESA,2023,169762429
VINHO DE MESA,Tinto,2023,139320884
VINHO DE MESA,Branco,2023,27910299
VINHO DE MESA,Rosado,2023,2531246
VINHO  FINO DE MESA,VINHO FINO DE MESA (VINIFERA),2023,46268556
VINHO FINO DE MESA,Tinto,2023,23615783
VINHO FINO DE MESA,Branco,2023,20693437
VINHO FINO DE MESA,Rosado,2023,1959336
SUCO,SUCO,2023,67045238
SUCO,Suco de uva integral,2023,38122173
SUCO,Suco de uva concentrado,2023,28216760
SUCO,Suco de uva adoçado,2023,94587
SUCO,Suco de uva orgânico,2023,611718
SUCO,Suco de uva reconstituído,2023,0
DERIVADOS,DERIVADOS,2023,174716647
DERIVADOS,Espumante,2023,65525
DERIVADOS,Espumante moscatel,2023,14744
DERIVADOS,Base espumante,2023,0
DERIVADOS,Base espumante moscatel,2023,6734590
DERIVADOS,Base Champenoise champanha,2023,1552243
DERIVADOS,Base Charmat champanha,2023,5418118
DERIVADOS,Bebida de uva,2023,1627
DERIVADOS,Polpa de uva,2023,1388251
DERIVADOS,Mosto simples,2023,157848983
DERIVADOS,Mosto concentrado,2023,0
DERIVADOS,Mosto de uva com bagaço,2023,7784
DERIVADOS,Mosto dessulfitado,2023,0
DERIVADOS,Mistelas,2023,600
DERIVADOS,Néctar de uva,2023,70976
DERIVADOS,Licorosos,2023,0
DERIVADOS,Compostos,2023,0
DERIVADOS,Jeropiga,2023,4500
DERIVADOS,Filtrado,2023,0
DERIVADOS,Frisante,2023,0
DERIVADOS,Vinho leve,2023,0
DERIVADOS,Vinho licoroso,2023,73600
DERIVADOS,Brandy,2023,450
DERIVADOS,Destilado,2023,0
DERIVADOS,Bagaceira,2023,0
DERIVADOS,Licor de bagaceira,2023,0
DERIVADOS,Vinagre,2023,9000
DERIVADOS,Borra líquida,2023,758140
DERIVADOS,Borra seca,2023,17200
DERIVADOS,Vinho Composto,2023,0
DERIVADOS,Pisco,2023,0
DERIVADOS,Vinho orgânico,2023,94150
DERIVADOS,Espumante orgânico,2023,1365
DERIVADOS,Destilado alcoólico simples de bagaceira,2023,0
DERIVADOS,Vinho acidificado,2023,2500
DERIVADOS,Mosto parcialmente fermentado,2023,0
DERIVADOS,Outros derivados,2023,652301
